Date,Symbol,Open,High,Low,Close,Volume
2013-11-25,AAPL,74.431427,75.12428299999998,74.428574,74.82,57327900
2013-11-26,AAPL,74.87428299999998,76.591431,74.85714,76.199997,100345700
2013-11-27,AAPL,76.61571500000002,78.0,76.199997,77.994286,90862100
2013-11-29,AAPL,78.497147,79.761429,78.25856800000003,79.438568,79531900
2013-12-02,AAPL,79.714287,80.61856800000002,78.688568,78.747147,118136200
2013-12-03,AAPL,79.757141,80.91143000000002,79.668571,80.902855,112742000
2013-12-04,AAPL,80.785713,81.312859,80.117142,80.714287,94452400
2013-12-05,AAPL,81.807144,82.16285699999997,80.915718,81.128571,111895000
2013-12-06,AAPL,80.827141,80.964287,79.938568,80.002853,86088100
2013-12-09,AAPL,80.128571,81.36856800000002,80.128571,80.918571,80123400
2013-12-10,AAPL,80.511429,81.12571700000002,80.171425,80.792854,69567400
2013-12-11,AAPL,81.0,81.567146,79.955711,80.194283,89929700
2013-12-12,AAPL,80.305717,80.762856,80.004288,80.077141,65572500
2013-12-13,AAPL,80.407143,80.41143000000002,79.095711,79.204285,83205500
2013-12-16,AAPL,79.288574,80.377144,79.28714000000002,79.64286,70648200
2013-12-17,AAPL,79.40142800000002,79.91999799999998,79.054283,79.284286,57475600
2013-12-18,AAPL,78.528572,78.778572,76.971428,78.681427,141465800
2013-12-19,AAPL,78.5,78.571426,77.675713,77.779999,80077200
2013-12-20,AAPL,77.918571,78.80143000000002,77.831429,78.431427,109103400
2013-12-23,AAPL,81.14286,81.531425,80.394287,81.441429,125326600
2013-12-24,AAPL,81.41285699999997,81.697144,80.861427,81.095711,41888700
2013-12-26,AAPL,81.157143,81.35714,80.482857,80.557144,51002000
2013-12-27,AAPL,80.545715,80.629997,79.928574,80.012856,56471100
2013-12-30,AAPL,79.637146,80.012856,78.902855,79.21714,63407400
2013-12-31,AAPL,79.16714499999998,80.182854,79.14286,80.145714,55771100
2014-01-02,AAPL,79.382858,79.575714,78.860001,79.01857,58671200
2014-01-03,AAPL,78.980003,79.099998,77.204285,77.28286,98116900
2014-01-06,AAPL,76.778572,78.114288,76.228569,77.704285,103152700
2014-01-07,AAPL,77.760002,77.994286,76.845711,77.148575,79302300
2014-01-08,AAPL,76.97285500000002,77.937141,76.955711,77.637146,64632400
2014-01-09,AAPL,78.114288,78.122856,76.478569,76.645714,69787200
2014-01-10,AAPL,77.11856800000002,77.257141,75.872856,76.13428499999998,76244000
2014-01-13,AAPL,75.701431,77.5,75.697144,76.53286,94623200
2014-01-14,AAPL,76.888573,78.104286,76.808571,78.055717,83140400
2014-01-15,AAPL,79.074287,80.028572,78.808571,79.622856,97909700
2014-01-16,AAPL,79.271431,79.550003,78.811432,79.178574,57319500
2014-01-17,AAPL,78.78286,78.867142,77.128571,77.238571,106684900
2014-01-21,AAPL,77.284286,78.581429,77.20285799999998,78.438568,82131700
2014-01-22,AAPL,78.701431,79.612854,78.25856800000003,78.78714000000002,94996300
2014-01-23,AAPL,78.562859,79.5,77.83000200000002,79.454285,100809800
2014-01-24,AAPL,79.14286,79.37428299999998,77.821426,78.010002,107338700
2014-01-27,AAPL,78.581429,79.257141,77.964287,78.64286,138719700
2014-01-28,AAPL,72.68,73.571426,71.724289,72.35714,266380800
2014-01-29,AAPL,71.992859,72.48143,71.23143,71.535713,125702500
2014-01-30,AAPL,71.791428,72.35714,70.957146,71.397141,169625400
2014-01-31,AAPL,70.739998,71.647141,70.507141,71.514282,116199300
2014-02-03,AAPL,71.80143000000002,72.53286,71.328575,71.647141,100366000
2014-02-04,AAPL,72.264282,72.779999,71.822861,72.684288,94170300
2014-02-05,AAPL,72.36571500000002,73.611427,72.321426,73.227142,82086200
2014-02-06,AAPL,72.86571500000002,73.35714,72.544289,73.215714,64441300
2014-02-07,AAPL,74.482857,74.704285,73.91143000000002,74.239998,92570100
2014-02-10,AAPL,74.094284,75.998573,74.0,75.57,86389800
2014-02-11,AAPL,75.80143000000002,76.821426,75.64286,76.565712,70564200
2014-02-12,AAPL,76.707146,77.08000200000002,76.177139,76.559998,77025200
2014-02-13,AAPL,76.379997,77.835716,76.314285,77.775711,76849500
2014-02-14,AAPL,77.495712,77.997147,77.315712,77.71285999999998,68231100
2014-02-18,AAPL,78.0,78.74143199999997,77.944283,77.998573,65062900
2014-02-19,AAPL,77.821426,78.127144,76.335716,76.767143,78442000
2014-02-20,AAPL,76.141426,76.714287,75.571426,75.878571,76464500
2014-02-21,AAPL,76.112854,76.367142,74.942856,75.035713,69696200
2014-02-24,AAPL,74.735718,75.70285799999998,74.63143199999998,75.364288,72227400
2014-02-25,AAPL,75.62571700000002,75.652855,74.428574,74.58000200000002,57988000
2014-02-26,AAPL,74.80143000000002,75.0,73.657143,73.907143,69054300
2014-02-27,AAPL,73.877144,75.540001,73.721428,75.38143199999998,75470500
2014-02-28,AAPL,75.58285500000002,76.10714,74.58856999999998,75.177139,92992200
2014-03-03,AAPL,74.774284,75.807144,74.687141,75.394287,59695300
2014-03-04,AAPL,75.85714,76.091431,75.395714,75.891426,64785000
2014-03-05,AAPL,75.845711,76.39286,75.589996,76.05143000000002,50015700
2014-03-06,AAPL,76.112854,76.34857199999998,75.442856,75.821426,46372200
2014-03-07,AAPL,75.870003,75.997147,75.150002,75.77714499999998,55182400
2014-03-10,AAPL,75.480003,76.190002,75.477142,75.845711,44646000
2014-03-11,AAPL,76.492859,76.96285999999998,76.084282,76.584282,69806100
2014-03-12,AAPL,76.358574,76.764282,76.0,76.658569,49831600
2014-03-13,AAPL,76.77714499999998,77.094284,75.594284,75.807144,64435700
2014-03-14,AAPL,75.541428,75.841431,74.714287,74.955711,59299800
2014-03-17,AAPL,75.385712,75.709999,75.121429,75.248573,49886200
2014-03-18,AAPL,75.128571,75.995712,75.028572,75.914284,52411800
2014-03-19,AAPL,76.03714000000002,76.605713,75.571426,75.894287,56189000
2014-03-20,AAPL,75.69856999999998,76.095711,75.335716,75.528572,52099600
2014-03-21,AAPL,75.989998,76.25,75.190002,76.12428299999998,93511600
2014-03-24,AAPL,76.91714499999998,77.214287,76.437141,77.02714499999998,88925200
2014-03-25,AAPL,77.35714,77.964287,77.084282,77.855713,70573300
2014-03-26,AAPL,78.074287,78.428574,76.980003,77.111427,74942000
2014-03-27,AAPL,77.145714,77.35714,76.445717,76.779999,55507900
2014-03-28,AAPL,76.902855,76.99143199999997,76.321426,76.694283,50141000
2014-03-31,AAPL,77.03286,77.25856800000003,76.561432,76.677139,42167300
2014-04-01,AAPL,76.822861,77.410004,76.681427,77.378571,50190000
2014-04-02,AAPL,77.482857,77.639999,77.18,77.507141,45105200
2014-04-03,AAPL,77.341431,77.5,76.805717,76.970001,40586000
2014-04-04,AAPL,77.11571500000002,77.14286,75.79714200000002,75.974289,68812800
2014-04-07,AAPL,75.431427,75.842857,74.555717,74.781425,72462600
2014-04-08,AAPL,75.02714499999998,75.160004,74.099998,74.77714499999998,60972100
2014-04-09,AAPL,74.66285699999997,75.784286,74.574287,75.760002,51542400
2014-04-10,AAPL,75.811432,76.034286,74.738571,74.78286,59913000
2014-04-11,AAPL,74.14286,74.690002,73.877144,74.230003,67929400
2014-04-14,AAPL,74.557144,74.594284,73.887146,74.525711,51418500
2014-04-15,AAPL,74.324287,74.519997,73.04714200000002,73.994286,66622500
2014-04-16,AAPL,74.007141,74.441429,73.44856999999998,74.144287,53691400
2014-04-17,AAPL,74.285713,75.394287,74.171425,74.99143199999997,71083600
2014-04-21,AAPL,75.048569,76.019997,74.851425,75.88143199999998,45637200
2014-04-22,AAPL,75.47285500000002,75.975716,75.214287,75.957146,50640800
2014-04-23,AAPL,75.58000200000002,75.87571700000002,74.921425,74.964287,98735000
2014-04-24,AAPL,81.172859,81.428574,80.104286,81.110001,189977900
2014-04-25,AAPL,80.647141,81.71285999999998,80.565712,81.705711,97568800
2014-04-28,AAPL,81.828575,85.10714,81.792854,84.870003,167371400
2014-04-29,AAPL,84.82,85.139999,84.215714,84.61856800000002,84344400
2014-04-30,AAPL,84.66285699999997,85.632858,84.257141,84.298569,114160200
2014-05-01,AAPL,84.571426,84.971428,83.76571700000002,84.497147,61012000
2014-05-02,AAPL,84.620003,84.885712,84.244286,84.654289,47878600
2014-05-05,AAPL,84.305717,85.85714,84.285713,85.851425,71766800
2014-05-06,AAPL,85.971428,86.344284,84.915718,84.915718,93641100
2014-05-07,AAPL,85.035713,85.327141,83.961426,84.61856800000002,70716100
2014-05-08,AAPL,84.035713,84.915718,83.771431,83.998573,57574300
2014-05-09,AAPL,83.505714,83.75,82.904289,83.648575,72899400
2014-05-12,AAPL,83.927139,84.808571,83.914284,84.690002,53302200
2014-05-13,AAPL,84.571426,84.934288,84.385712,84.822861,39934300
2014-05-14,AAPL,84.632858,85.342857,84.534286,84.83856999999998,41601000
2014-05-15,AAPL,84.957146,85.228569,84.005714,84.117142,57711500
2014-05-16,AAPL,84.089996,85.361427,83.628571,85.358574,69064100
2014-05-19,AAPL,85.407143,86.761429,85.33285500000002,86.370003,79438800
2014-05-20,AAPL,86.358574,86.628571,85.818573,86.387146,58709000
2014-05-21,AAPL,86.261429,86.671425,86.00856800000003,86.61571500000002,49214900
2014-05-22,AAPL,86.657143,87.121429,86.300003,86.752853,50190000
2014-05-23,AAPL,86.75,87.818573,86.638573,87.732857,58052400
2014-05-27,AAPL,87.982857,89.408569,87.947144,89.37571700000002,87216500
2014-05-28,AAPL,89.431427,89.975716,89.111427,89.144287,78870400
2014-05-29,AAPL,89.692856,90.98143,89.681427,90.76857,94118500
2014-05-30,AAPL,91.139999,92.024284,89.842857,90.428574,141005200
2014-06-02,AAPL,90.565712,90.690002,88.928574,89.807144,92337700
2014-06-03,AAPL,89.779999,91.248573,89.75,91.077141,73177300
2014-06-04,AAPL,91.062859,92.555717,90.872856,92.117142,83870500
2014-06-05,AAPL,92.314285,92.767143,91.80143,92.478569,75951400
2014-06-06,AAPL,92.842857,93.03714,92.067146,92.224289,87484600
2014-06-09,AAPL,92.699997,93.879997,91.75,93.699997,75415000
2014-06-10,AAPL,94.730003,95.050003,93.57,94.25,62777000
2014-06-11,AAPL,94.129997,94.760002,93.470001,93.860001,45681000
2014-06-12,AAPL,94.040001,94.120003,91.900002,92.290001,54749000
2014-06-13,AAPL,92.199997,92.440002,90.879997,91.279999,54525000
2014-06-16,AAPL,91.510002,92.75,91.449997,92.199997,35561000
2014-06-17,AAPL,92.309998,92.699997,91.800003,92.080002,29726000
2014-06-18,AAPL,92.269997,92.290001,91.349998,92.18,33514000
2014-06-19,AAPL,92.290001,92.300003,91.339996,91.860001,35528000
2014-06-20,AAPL,91.849998,92.550003,90.900002,90.910004,100898000
2014-06-23,AAPL,91.32,91.620003,90.599998,90.830002,43694000
2014-06-24,AAPL,90.75,91.739998,90.190002,90.279999,39036000
2014-06-25,AAPL,90.209999,90.699997,89.650002,90.360001,36869000
2014-06-26,AAPL,90.370003,91.050003,89.800003,90.900002,32629000
2014-06-27,AAPL,90.82,92.0,90.769997,91.980003,64029000
2014-06-30,AAPL,92.099998,93.730003,92.089996,92.93,49482300
2014-07-01,AAPL,93.519997,94.07,93.129997,93.519997,38223000
2014-07-02,AAPL,93.870003,94.059998,93.089996,93.480003,28465000
2014-07-03,AAPL,93.669998,94.099998,93.199997,94.029999,22891800
2014-07-07,AAPL,94.139999,95.989998,94.099998,95.970001,56468000
2014-07-08,AAPL,96.269997,96.800003,93.919998,95.349998,65222000
2014-07-09,AAPL,95.440002,95.949997,94.760002,95.389999,36436000
2014-07-10,AAPL,93.760002,95.550003,93.519997,95.040001,39686000
2014-07-11,AAPL,95.360001,95.889999,94.860001,95.220001,34018000
2014-07-14,AAPL,95.860001,96.889999,95.650002,96.449997,42810000
2014-07-15,AAPL,96.800003,96.849998,95.029999,95.32,45477900
2014-07-16,AAPL,96.970001,97.099998,94.739998,94.779999,53396300
2014-07-17,AAPL,95.029999,95.279999,92.57,93.089996,57298000
2014-07-18,AAPL,93.620003,94.739998,93.019997,94.43,49988000
2014-07-21,AAPL,94.989998,95.0,93.720001,93.940002,39079000
2014-07-22,AAPL,94.68,94.889999,94.120003,94.720001,55197000
2014-07-23,AAPL,95.419998,97.879997,95.169998,97.190002,92918000
2014-07-24,AAPL,97.040001,97.32,96.419998,97.029999,45729000
2014-07-25,AAPL,96.849998,97.839996,96.639999,97.669998,43469000
2014-07-28,AAPL,97.82,99.239998,97.550003,99.019997,55318000
2014-07-29,AAPL,99.330002,99.440002,98.25,98.379997,43143000
2014-07-30,AAPL,98.440002,98.699997,97.669998,98.150002,33010000
2014-07-31,AAPL,97.160004,97.449997,95.330002,95.599998,56843000
2014-08-01,AAPL,94.900002,96.620003,94.809998,96.129997,48511000
2014-08-04,AAPL,96.370003,96.580002,95.169998,95.589996,39958000
2014-08-05,AAPL,95.360001,95.68,94.360001,95.120003,55933000
2014-08-06,AAPL,94.75,95.480003,94.709999,94.959999,38558000
2014-08-07,AAPL,94.93,95.949997,94.099998,94.480003,46711000
2014-08-08,AAPL,94.260002,94.82,93.279999,94.739998,41865000
2014-08-11,AAPL,95.269997,96.080002,94.839996,95.989998,36585000
2014-08-12,AAPL,96.040001,96.879997,95.610001,95.970001,33795000
2014-08-13,AAPL,96.150002,97.239998,96.040001,97.239998,31916000
2014-08-14,AAPL,97.330002,97.57,96.800003,97.5,28116000
2014-08-15,AAPL,97.900002,98.190002,96.860001,97.980003,48951000
2014-08-18,AAPL,98.489998,99.370003,97.980003,99.160004,47572000
2014-08-19,AAPL,99.410004,100.68,99.32,100.529999,69399000
2014-08-20,AAPL,100.440002,101.089996,99.949997,100.57,52699000
2014-08-21,AAPL,100.57,100.940002,100.110001,100.580002,33478000
2014-08-22,AAPL,100.290001,101.470001,100.190002,101.32,44184000
2014-08-25,AAPL,101.790001,102.169998,101.279999,101.540001,40270000
2014-08-26,AAPL,101.419998,101.5,100.860001,100.889999,33152000
2014-08-27,AAPL,101.019997,102.57,100.699997,102.129997,52369000
2014-08-28,AAPL,101.589996,102.779999,101.559998,102.25,68460000
2014-08-29,AAPL,102.860001,102.900002,102.199997,102.5,44595000
2014-09-02,AAPL,103.059998,103.739998,102.720001,103.300003,53564000
2014-09-03,AAPL,103.099998,103.199997,98.580002,98.940002,125421000
2014-09-04,AAPL,98.849998,100.089996,97.790001,98.120003,85718000
2014-09-05,AAPL,98.800003,99.389999,98.309998,98.970001,58457000
2014-09-08,AAPL,99.300003,99.309998,98.050003,98.360001,46356700
2014-09-09,AAPL,99.080002,103.080002,96.139999,97.989998,189846300
2014-09-10,AAPL,98.010002,101.110001,97.760002,101.0,100869600
2014-09-11,AAPL,100.410004,101.440002,99.620003,101.43,62353100
2014-09-12,AAPL,101.209999,102.190002,101.080002,101.660004,62626100
2014-09-15,AAPL,102.809998,103.050003,101.440002,101.629997,61316500
2014-09-16,AAPL,99.800003,101.260002,98.889999,100.860001,66908100
2014-09-17,AAPL,101.269997,101.800003,100.589996,101.580002,60926500
2014-09-18,AAPL,101.93,102.349998,101.559998,101.790001,37299400
2014-09-19,AAPL,102.290001,102.349998,100.5,100.959999,70902400
2014-09-22,AAPL,101.800003,102.139999,100.580002,101.059998,52788400
2014-09-23,AAPL,100.599998,102.940002,100.540001,102.639999,63402200
2014-09-24,AAPL,102.160004,102.849998,101.199997,101.75,60171800
2014-09-25,AAPL,100.510002,100.709999,97.720001,97.870003,100092000
2014-09-26,AAPL,98.529999,100.75,98.400002,100.75,62370500
2014-09-29,AAPL,98.650002,100.440002,98.629997,100.110001,49766300
2014-09-30,AAPL,100.809998,101.540001,100.529999,100.75,55264100
2014-10-01,AAPL,100.589996,100.690002,98.699997,99.18,51491300
2014-10-02,AAPL,99.269997,100.220001,98.040001,99.900002,47757800
2014-10-03,AAPL,99.440002,100.209999,99.040001,99.620003,43469600
2014-10-06,AAPL,99.949997,100.650002,99.419998,99.620003,37051200
2014-10-07,AAPL,99.43,100.120003,98.730003,98.75,42094200
2014-10-08,AAPL,98.760002,101.110001,98.309998,100.800003,57404700
2014-10-09,AAPL,101.540001,102.379997,100.610001,101.019997,77376500
2014-10-10,AAPL,100.690002,102.029999,100.300003,100.730003,66331600
2014-10-13,AAPL,101.330002,101.779999,99.809998,99.809998,53583400
2014-10-14,AAPL,100.389999,100.519997,98.57,98.75,63688600
2014-10-15,AAPL,97.970001,99.150002,95.18,97.540001,100933600
2014-10-16,AAPL,95.550003,97.720001,95.410004,96.260002,72154500
2014-10-17,AAPL,97.5,99.0,96.809998,97.669998,68179700
2014-10-20,AAPL,98.32,99.959999,98.220001,99.760002,77517300
2014-10-21,AAPL,103.019997,103.019997,101.269997,102.470001,94623900
2014-10-22,AAPL,102.839996,104.110001,102.599998,102.989998,68263100
2014-10-23,AAPL,104.080002,105.050003,103.629997,104.830002,71074700
2014-10-24,AAPL,105.18,105.489998,104.529999,105.220001,47053900
2014-10-27,AAPL,104.849998,105.480003,104.699997,105.110001,34187700
2014-10-28,AAPL,105.400002,106.739998,105.349998,106.739998,48060900
2014-10-29,AAPL,106.650002,107.370003,106.360001,107.339996,52687900
2014-10-30,AAPL,106.959999,107.349998,105.900002,106.980003,40654800
2014-10-31,AAPL,108.010002,108.040001,107.209999,108.0,44639300
2014-11-03,AAPL,108.220001,110.300003,108.010002,109.400002,52282600
2014-11-04,AAPL,109.360001,109.489998,107.720001,108.599998,41574400
2014-11-05,AAPL,109.099998,109.300003,108.129997,108.860001,37435900
2014-11-06,AAPL,108.599998,108.790001,107.800003,108.699997,34968500
2014-11-07,AAPL,108.75,109.32,108.550003,109.010002,33691500
2014-11-10,AAPL,109.019997,109.330002,108.669998,108.830002,27195500
2014-11-11,AAPL,108.699997,109.75,108.400002,109.699997,27442300
2014-11-12,AAPL,109.379997,111.43,109.370003,111.25,46942400
2014-11-13,AAPL,111.800003,113.449997,111.599998,112.82,59522900
2014-11-14,AAPL,113.150002,114.190002,111.209999,114.18,44063600
2014-11-17,AAPL,114.269997,117.279999,113.300003,113.989998,46746700
2014-11-18,AAPL,113.940002,115.690002,113.889999,115.470001,44224000
2014-11-19,AAPL,115.440002,115.739998,113.800003,114.669998,41869200
2014-11-20,AAPL,114.910004,116.860001,114.849998,116.309998,43395500
2014-11-21,AAPL,117.510002,117.57,116.029999,116.470001,57179300
2014-11-24,AAPL,116.849998,118.769997,116.620003,118.629997,47450800
2014-11-25,AAPL,119.07,119.75,117.449997,117.599998,68840400
2014-11-26,AAPL,117.940002,119.099998,117.830002,119.0,40768300
2014-11-28,AAPL,119.269997,119.400002,118.050003,118.93,24814400
2014-12-01,AAPL,118.809998,119.25,111.269997,115.07,83814000
2014-12-02,AAPL,113.5,115.75,112.75,114.629997,59348900
2014-12-03,AAPL,115.75,116.349998,115.110001,115.93,43063400
2014-12-04,AAPL,115.769997,117.199997,115.290001,115.489998,42044500
2014-12-05,AAPL,115.989998,116.080002,114.639999,115.0,38318900
2014-12-08,AAPL,114.099998,114.650002,111.620003,112.400002,57664900
2014-12-09,AAPL,110.190002,114.300003,109.349998,114.120003,60208000
2014-12-10,AAPL,114.410004,114.849998,111.540001,111.949997,44565300
2014-12-11,AAPL,112.260002,113.800003,111.339996,111.620003,41401700
2014-12-12,AAPL,110.459999,111.870003,109.580002,109.730003,56028100
2014-12-15,AAPL,110.699997,111.599998,106.349998,108.230003,67218100
2014-12-16,AAPL,106.370003,110.160004,106.260002,106.75,60790700
2014-12-17,AAPL,107.120003,109.839996,106.82,109.410004,53411800
2014-12-18,AAPL,111.870003,112.650002,110.660004,112.650002,59006200
2014-12-19,AAPL,112.260002,113.239998,111.660004,111.779999,88429800
2014-12-22,AAPL,112.160004,113.489998,111.970001,112.940002,45167500
2014-12-23,AAPL,113.230003,113.330002,112.459999,112.540001,26028400
2014-12-24,AAPL,112.580002,112.709999,112.010002,112.010002,14479600
2014-12-26,AAPL,112.099998,114.519997,112.010002,113.989998,33721000
2014-12-29,AAPL,113.790001,114.769997,113.699997,113.910004,27598900
2014-12-30,AAPL,113.639999,113.919998,112.110001,112.519997,29881500
2014-12-31,AAPL,112.82,113.129997,110.209999,110.379997,41403400
2015-01-02,AAPL,111.389999,111.440002,107.349998,109.330002,53204600
2015-01-05,AAPL,108.290001,108.650002,105.410004,106.25,64285500
2015-01-06,AAPL,106.540001,107.43,104.629997,106.260002,65797100
2015-01-07,AAPL,107.199997,108.199997,106.699997,107.75,40105900
2015-01-08,AAPL,109.230003,112.150002,108.699997,111.889999,59364500
2015-01-09,AAPL,112.669998,113.25,110.209999,112.010002,53699500
2015-01-12,AAPL,112.599998,112.629997,108.800003,109.25,49650800
2015-01-13,AAPL,111.43,112.800003,108.910004,110.220001,67091900
2015-01-14,AAPL,109.040001,110.489998,108.5,109.800003,48337000
2015-01-15,AAPL,110.0,110.059998,106.660004,106.82,60014000
2015-01-16,AAPL,107.029999,107.580002,105.199997,105.989998,78513300
2015-01-20,AAPL,107.839996,108.970001,106.5,108.720001,49899900
2015-01-21,AAPL,108.949997,111.059998,108.269997,109.550003,48575900
2015-01-22,AAPL,110.260002,112.470001,109.720001,112.400002,53796400
2015-01-23,AAPL,112.300003,113.75,111.529999,112.980003,46464800
2015-01-26,AAPL,113.739998,114.360001,112.800003,113.099998,55615000
2015-01-27,AAPL,112.419998,112.480003,109.029999,109.139999,95568700
2015-01-28,AAPL,117.629997,118.120003,115.309998,115.309998,146477100
2015-01-29,AAPL,116.32,119.190002,115.559998,118.900002,84436400
2015-01-30,AAPL,118.400002,120.0,116.849998,117.160004,83745500
2015-02-02,AAPL,118.050003,119.169998,116.080002,118.629997,62739100
2015-02-03,AAPL,118.5,119.089996,117.610001,118.650002,51915700
2015-02-04,AAPL,118.5,120.510002,118.309998,119.559998,70149700
2015-02-05,AAPL,120.019997,120.230003,119.25,119.940002,42246200
2015-02-06,AAPL,120.019997,120.25,118.449997,118.93,43706600
2015-02-09,AAPL,118.550003,119.839996,118.43,119.720001,38889800
2015-02-10,AAPL,120.169998,122.150002,120.160004,122.019997,62008500
2015-02-11,AAPL,122.769997,124.919998,122.5,124.879997,73561800
2015-02-12,AAPL,126.059998,127.480003,125.57,126.459999,74474500
2015-02-13,AAPL,127.279999,127.279999,125.650002,127.080002,54272200
2015-02-17,AAPL,127.489998,128.880005,126.919998,127.830002,63152400
2015-02-18,AAPL,127.629997,128.779999,127.449997,128.720001,44891700
2015-02-19,AAPL,128.479996,129.029999,128.330002,128.449997,37362400
2015-02-20,AAPL,128.619995,129.5,128.050003,129.5,48948400
2015-02-23,AAPL,130.020004,133.0,129.660004,133.0,70974100
2015-02-24,AAPL,132.940002,133.600006,131.169998,132.169998,69228100
2015-02-25,AAPL,131.559998,131.600006,128.149994,128.78999299999998,74711700
2015-02-26,AAPL,128.78999299999998,130.869995,126.610001,130.419998,91287500
2015-02-27,AAPL,130.0,130.570007,128.240005,128.46000700000002,62014800
2015-03-02,AAPL,129.25,130.279999,128.300003,129.089996,48096700
2015-03-03,AAPL,128.96000700000002,129.520004,128.089996,129.360001,37816300
2015-03-04,AAPL,129.100006,129.559998,128.320007,128.53999299999998,31666300
2015-03-05,AAPL,128.580002,128.75,125.760002,126.410004,56517100
2015-03-06,AAPL,128.399994,129.369995,126.260002,126.599998,72842100
2015-03-09,AAPL,127.959999,129.570007,125.059998,127.139999,88528500
2015-03-10,AAPL,126.410004,127.220001,123.800003,124.510002,68856600
2015-03-11,AAPL,124.75,124.769997,122.110001,122.239998,68939000
2015-03-12,AAPL,122.309998,124.900002,121.629997,124.449997,48362700
2015-03-13,AAPL,124.400002,125.400002,122.580002,123.589996,51827300
2015-03-16,AAPL,123.879997,124.949997,122.870003,124.949997,35874300
2015-03-17,AAPL,125.900002,127.32,125.650002,127.040001,51023100
2015-03-18,AAPL,127.0,129.160004,126.370003,128.470001,65270900
2015-03-19,AAPL,128.75,129.25,127.400002,127.5,45809500
2015-03-20,AAPL,128.25,128.399994,125.160004,125.900002,68695100
2015-03-23,AAPL,127.120003,127.849998,126.519997,127.209999,37709700
2015-03-24,AAPL,127.230003,128.03999299999998,126.559998,126.690002,32842300
2015-03-25,AAPL,126.540001,126.82,123.379997,123.379997,51655200
2015-03-26,AAPL,122.760002,124.879997,122.599998,124.239998,47572900
2015-03-27,AAPL,124.57,124.699997,122.910004,123.25,39546200
2015-03-30,AAPL,124.050003,126.400002,124.0,126.370003,47099700
2015-03-31,AAPL,126.089996,126.489998,124.360001,124.43,42090600
2015-04-01,AAPL,124.82,125.120003,123.099998,124.25,40621400
2015-04-02,AAPL,125.029999,125.559998,124.190002,125.32,32220100
2015-04-06,AAPL,124.470001,127.510002,124.330002,127.349998,37194000
2015-04-07,AAPL,127.639999,128.119995,125.980003,126.010002,35012300
2015-04-08,AAPL,125.849998,126.400002,124.970001,125.599998,37329200
2015-04-09,AAPL,125.849998,126.580002,124.660004,126.559998,32484000
2015-04-10,AAPL,125.949997,127.209999,125.260002,127.099998,40188000
2015-04-13,AAPL,128.369995,128.570007,126.610001,126.849998,36365100
2015-04-14,AAPL,127.0,127.290001,125.910004,126.300003,25524600
2015-04-15,AAPL,126.410004,127.129997,126.010002,126.779999,28970400
2015-04-16,AAPL,126.279999,127.099998,126.110001,126.169998,28369000
2015-04-17,AAPL,125.550003,126.139999,124.459999,124.75,51957000
2015-04-20,AAPL,125.57,128.119995,125.169998,127.599998,47054300
2015-04-21,AAPL,128.100006,128.199997,126.669998,126.910004,32435100
2015-04-22,AAPL,126.989998,128.869995,126.32,128.619995,37654500
2015-04-23,AAPL,128.300003,130.419998,128.139999,129.669998,45770900
2015-04-24,AAPL,130.490005,130.630005,129.229996,130.279999,44525900
2015-04-27,AAPL,132.309998,133.130005,131.149994,132.649994,96954200
2015-04-28,AAPL,134.46000700000002,134.53999299999998,129.570007,130.559998,118924000
2015-04-29,AAPL,130.160004,131.589996,128.300003,128.639999,63386100
2015-04-30,AAPL,128.639999,128.639999,124.580002,125.150002,83195400
2015-05-01,AAPL,126.099998,130.130005,125.300003,128.949997,58512600
2015-05-04,AAPL,129.5,130.570007,128.259995,128.699997,50988300
2015-05-05,AAPL,128.149994,128.449997,125.779999,125.800003,49271400
2015-05-06,AAPL,126.559998,126.75,123.360001,125.010002,72141000
2015-05-07,AAPL,124.769997,126.080002,124.019997,125.260002,43940900
2015-05-08,AAPL,126.68,127.620003,126.110001,127.620003,55550400
2015-05-11,AAPL,127.389999,127.559998,125.629997,126.32,42035800
2015-05-12,AAPL,125.599998,126.879997,124.82,125.870003,48160000
2015-05-13,AAPL,126.150002,127.190002,125.870003,126.010002,34694200
2015-05-14,AAPL,127.410004,128.949997,127.160004,128.949997,45203500
2015-05-15,AAPL,129.070007,129.490005,128.21000700000002,128.770004,38208000
2015-05-18,AAPL,128.380005,130.720001,128.360001,130.190002,50882900
2015-05-19,AAPL,130.690002,130.880005,129.639999,130.070007,44633200
2015-05-20,AAPL,130.0,130.979996,129.339996,130.059998,36454900
2015-05-21,AAPL,130.070007,131.630005,129.830002,131.389999,39730400
2015-05-22,AAPL,131.600006,132.970001,131.399994,132.53999299999998,45596000
2015-05-26,AAPL,132.600006,132.910004,129.119995,129.619995,70697600
2015-05-27,AAPL,130.339996,132.259995,130.050003,132.03999299999998,45833200
2015-05-28,AAPL,131.860001,131.949997,131.100006,131.779999,30733300
2015-05-29,AAPL,131.229996,131.449997,129.899994,130.279999,50884500
2015-06-01,AAPL,130.279999,131.389999,130.050003,130.53999299999998,32112800
2015-06-02,AAPL,129.860001,130.660004,129.320007,129.96000700000002,33667600
2015-06-03,AAPL,130.660004,130.940002,129.899994,130.119995,30889400
2015-06-04,AAPL,129.580002,130.580002,128.910004,129.360001,38450100
2015-06-05,AAPL,129.5,129.690002,128.360001,128.649994,35626800
2015-06-08,AAPL,128.899994,129.21000700000002,126.830002,127.800003,52674800
2015-06-09,AAPL,126.699997,128.080002,125.620003,127.419998,56075400
2015-06-10,AAPL,127.919998,129.339996,127.849998,128.880005,39087300
2015-06-11,AAPL,129.179993,130.179993,128.479996,128.589996,35390900
2015-06-12,AAPL,128.190002,128.330002,127.110001,127.169998,36886200
2015-06-15,AAPL,126.099998,127.239998,125.709999,126.919998,43988900
2015-06-16,AAPL,127.029999,127.849998,126.370003,127.599998,31494100
2015-06-17,AAPL,127.720001,127.879997,126.739998,127.300003,32918100
2015-06-18,AAPL,127.230003,128.309998,127.220001,127.879997,35407200
2015-06-19,AAPL,127.709999,127.82,126.400002,126.599998,54716900
2015-06-22,AAPL,127.489998,128.059998,127.080002,127.610001,34039300
2015-06-23,AAPL,127.480003,127.610001,126.879997,127.029999,30268900
2015-06-24,AAPL,127.209999,129.800003,127.120003,128.110001,55280900
2015-06-25,AAPL,128.860001,129.199997,127.5,127.5,31938100
2015-06-26,AAPL,127.669998,127.989998,126.510002,126.75,44066800
2015-06-29,AAPL,125.459999,126.470001,124.480003,124.529999,49161400
2015-06-30,AAPL,125.57,126.120003,124.860001,125.43,44370700
2015-07-01,AAPL,126.900002,126.940002,125.989998,126.599998,30238800
2015-07-02,AAPL,126.43,126.690002,125.769997,126.440002,27211000
2015-07-06,AAPL,124.940002,126.230003,124.849998,126.0,28060400
2015-07-07,AAPL,125.889999,126.150002,123.769997,125.690002,46946800
2015-07-08,AAPL,124.480003,124.639999,122.540001,122.57,60761600
2015-07-09,AAPL,123.849998,124.059998,119.220001,120.07,77821600
2015-07-10,AAPL,121.940002,123.849998,121.209999,123.279999,61354500
2015-07-13,AAPL,125.029999,125.760002,124.32,125.660004,41440500
2015-07-14,AAPL,126.040001,126.370003,125.040001,125.610001,31768100
2015-07-15,AAPL,125.720001,127.150002,125.580002,126.82,33649200
2015-07-16,AAPL,127.739998,128.570007,127.349998,128.509995,36222400
2015-07-17,AAPL,129.080002,129.619995,128.309998,129.619995,46164700
2015-07-20,AAPL,130.970001,132.970001,130.699997,132.070007,58900200
2015-07-21,AAPL,132.850006,132.919998,130.320007,130.75,76756400
2015-07-22,AAPL,121.989998,125.5,121.989998,125.220001,115450600
2015-07-23,AAPL,126.199997,127.089996,125.059998,125.160004,50999500
2015-07-24,AAPL,125.32,125.739998,123.900002,124.5,42162300
2015-07-27,AAPL,123.089996,123.610001,122.120003,122.769997,44455500
2015-07-28,AAPL,123.379997,123.910004,122.550003,123.379997,33618100
2015-07-29,AAPL,123.150002,123.5,122.269997,122.989998,37011700
2015-07-30,AAPL,122.32,122.57,121.709999,122.370003,33628300
2015-07-31,AAPL,122.599998,122.639999,120.910004,121.300003,42885000
2015-08-03,AAPL,121.5,122.57,117.519997,118.440002,69976000
2015-08-04,AAPL,117.419998,117.699997,113.25,114.639999,124138600
2015-08-05,AAPL,112.949997,117.440002,112.099998,115.400002,99312600
2015-08-06,AAPL,115.970001,116.5,114.120003,115.129997,52903000
2015-08-07,AAPL,114.580002,116.25,114.5,115.519997,38670400
2015-08-10,AAPL,116.529999,119.989998,116.529999,119.720001,54951600
2015-08-11,AAPL,117.809998,118.18,113.330002,113.489998,97082800
2015-08-12,AAPL,112.529999,115.419998,109.629997,115.239998,101217500
2015-08-13,AAPL,116.040001,116.400002,114.540001,115.150002,48535800
2015-08-14,AAPL,114.32,116.309998,114.010002,115.959999,42929500
2015-08-17,AAPL,116.040001,117.650002,115.5,117.160004,40884700
2015-08-18,AAPL,116.43,117.440002,116.010002,116.5,34560700
2015-08-19,AAPL,116.099998,116.519997,114.68,115.010002,47445700
2015-08-20,AAPL,114.080002,114.349998,111.629997,112.650002,68501600
2015-08-21,AAPL,110.43,111.900002,105.650002,105.760002,128275500
2015-08-24,AAPL,94.870003,108.800003,92.0,103.120003,162206300
2015-08-25,AAPL,111.110001,111.110001,103.5,103.739998,103601600
2015-08-26,AAPL,107.089996,109.889999,105.050003,109.690002,96774600
2015-08-27,AAPL,112.230003,113.239998,110.019997,112.919998,84616100
2015-08-28,AAPL,112.169998,113.309998,111.540001,113.290001,53164400
2015-08-31,AAPL,112.029999,114.529999,112.0,112.760002,56229300
2015-09-01,AAPL,110.150002,111.879997,107.360001,107.720001,76845900
2015-09-02,AAPL,110.230003,112.339996,109.129997,112.339996,61888800
2015-09-03,AAPL,112.489998,112.779999,110.040001,110.370003,53233900
2015-09-04,AAPL,108.970001,110.449997,108.510002,109.269997,49996300
2015-09-08,AAPL,111.75,112.559998,110.32,112.309998,54843600
2015-09-09,AAPL,113.760002,114.019997,109.769997,110.150002,85010800
2015-09-10,AAPL,110.269997,113.279999,109.900002,112.57,62892800
2015-09-11,AAPL,111.790001,114.209999,111.760002,114.209999,49915500
2015-09-14,AAPL,116.580002,116.889999,114.860001,115.309998,58363400
2015-09-15,AAPL,115.93,116.529999,114.419998,116.279999,43341200
2015-09-16,AAPL,116.25,116.540001,115.440002,116.410004,37173500
2015-09-17,AAPL,115.660004,116.489998,113.720001,113.919998,64112600
2015-09-18,AAPL,112.209999,114.300003,111.870003,113.449997,74285300
2015-09-21,AAPL,113.669998,115.370003,113.660004,115.209999,50222000
2015-09-22,AAPL,113.379997,114.18,112.519997,113.400002,50346200
2015-09-23,AAPL,113.629997,114.720001,113.300003,114.32,35756700
2015-09-24,AAPL,113.25,115.5,112.370003,115.0,50219500
2015-09-25,AAPL,116.440002,116.690002,114.019997,114.709999,56151900
2015-09-28,AAPL,113.849998,114.57,112.440002,112.440002,52109000
2015-09-29,AAPL,112.830002,113.510002,107.860001,109.059998,73365400
2015-09-30,AAPL,110.169998,111.540001,108.730003,110.300003,66473000
2015-10-01,AAPL,109.07,109.620003,107.309998,109.580002,63929100
2015-10-02,AAPL,108.010002,111.010002,107.550003,110.379997,58019800
2015-10-05,AAPL,109.879997,111.370003,109.07,110.779999,52064700
2015-10-06,AAPL,110.629997,111.739998,109.769997,111.309998,48196800
2015-10-07,AAPL,111.739998,111.769997,109.410004,110.779999,46765600
2015-10-08,AAPL,110.190002,110.190002,108.209999,109.5,61979600
2015-10-09,AAPL,110.0,112.279999,109.489998,112.120003,52766100
2015-10-12,AAPL,112.730003,112.75,111.440002,111.599998,30467200
2015-10-13,AAPL,110.82,112.449997,110.68,111.790001,33049300
2015-10-14,AAPL,111.290001,111.519997,109.559998,110.209999,44462400
2015-10-15,AAPL,110.93,112.099998,110.489998,111.860001,37673500
2015-10-16,AAPL,111.779999,112.0,110.529999,111.040001,39232600
2015-10-19,AAPL,110.800003,111.75,110.110001,111.730003,29759200
2015-10-20,AAPL,111.339996,114.169998,110.82,113.769997,48778800
2015-10-21,AAPL,114.0,115.580002,113.699997,113.760002,41795200
2015-10-22,AAPL,114.330002,115.5,114.099998,115.5,41654100
2015-10-23,AAPL,116.699997,119.230003,116.330002,119.080002,59366900
2015-10-26,AAPL,118.080002,118.129997,114.919998,115.279999,66333800
2015-10-27,AAPL,115.400002,116.540001,113.989998,114.550003,69884400
2015-10-28,AAPL,116.93,119.300003,116.059998,119.269997,85551400
2015-10-29,AAPL,118.699997,120.690002,118.269997,120.529999,51227300
2015-10-30,AAPL,120.989998,121.220001,119.449997,119.5,49365300
2015-11-02,AAPL,120.800003,121.360001,119.610001,121.18,32203300
2015-11-03,AAPL,120.790001,123.489998,120.699997,122.57,45519000
2015-11-04,AAPL,123.129997,123.82,121.620003,122.0,44886100
2015-11-05,AAPL,121.849998,122.690002,120.18,120.919998,39552700
2015-11-06,AAPL,121.110001,121.809998,120.620003,121.059998,33042300
2015-11-09,AAPL,120.959999,121.809998,120.050003,120.57,33871400
2015-11-10,AAPL,116.900002,118.07,116.059998,116.769997,59127900
2015-11-11,AAPL,116.370003,117.419998,115.209999,116.110001,45218000
2015-11-12,AAPL,116.260002,116.82,115.650002,115.720001,32525600
2015-11-13,AAPL,115.199997,115.57,112.269997,112.339996,45812400
2015-11-16,AAPL,111.379997,114.239998,111.0,114.18,38106700
2015-11-17,AAPL,114.919998,115.050003,113.32,113.690002,27616900
2015-11-18,AAPL,115.760002,117.489998,115.5,117.290001,46674700
2015-11-19,AAPL,117.639999,119.75,116.760002,118.779999,43295800
2015-11-20,AAPL,119.199997,119.919998,118.849998,119.300003,34287100
2015-11-23,AAPL,119.269997,119.730003,117.339996,117.75,32482500
2015-11-24,AAPL,117.330002,119.349998,117.120003,118.879997,42803200
2015-11-25,AAPL,119.209999,119.230003,117.919998,118.029999,21388300
2015-11-27,AAPL,118.290001,118.410004,117.599998,117.809998,13046400
2015-11-30,AAPL,117.989998,119.410004,117.75,118.300003,39180300
2015-12-01,AAPL,118.75,118.809998,116.860001,117.339996,34852400
2015-12-02,AAPL,117.339996,118.110001,116.080002,116.279999,33386600
2015-12-03,AAPL,116.550003,116.790001,114.220001,115.199997,41569500
2015-12-04,AAPL,115.290001,119.25,115.110001,119.029999,57777000
2015-12-07,AAPL,118.980003,119.860001,117.809998,118.279999,32084200
2015-12-08,AAPL,117.519997,118.599998,116.860001,118.230003,34309500
2015-12-09,AAPL,117.639999,117.690002,115.080002,115.620003,46361400
2015-12-10,AAPL,116.040001,116.940002,115.510002,116.169998,29104200
2015-12-11,AAPL,115.190002,115.389999,112.849998,113.18,46886200
2015-12-14,AAPL,112.18,112.68,109.790001,112.480003,64318700
2015-12-15,AAPL,111.940002,112.800003,110.349998,110.489998,53323100
2015-12-16,AAPL,111.07,111.989998,108.800003,111.339996,56238500
2015-12-17,AAPL,112.019997,112.25,108.980003,108.980003,44772800
2015-12-18,AAPL,108.910004,109.519997,105.809998,106.029999,96453300
2015-12-21,AAPL,107.279999,107.370003,105.57,107.330002,47590600
2015-12-22,AAPL,107.400002,107.720001,106.449997,107.230003,32789400
2015-12-23,AAPL,107.269997,108.849998,107.199997,108.610001,32657400
2015-12-24,AAPL,109.0,109.0,107.949997,108.029999,13570400
2015-12-28,AAPL,107.589996,107.690002,106.18,106.82,26704200
2015-12-29,AAPL,106.959999,109.43,106.860001,108.739998,30931200
2015-12-30,AAPL,108.580002,108.699997,107.18,107.32,25213800
2015-12-31,AAPL,107.010002,107.029999,104.82,105.260002,40635300
2016-01-04,AAPL,102.610001,105.370003,102.0,105.349998,67649400
2016-01-05,AAPL,105.75,105.849998,102.410004,102.709999,55791000
2016-01-06,AAPL,100.559998,102.370003,99.870003,100.699997,68457400
2016-01-07,AAPL,98.68,100.129997,96.43,96.449997,81094400
2016-01-08,AAPL,98.550003,99.110001,96.760002,96.959999,70798000
2016-01-11,AAPL,98.970001,99.059998,97.339996,98.529999,49739400
2016-01-12,AAPL,100.550003,100.690002,98.839996,99.959999,49154200
2016-01-13,AAPL,100.32,101.190002,97.300003,97.389999,62439600
2016-01-14,AAPL,97.959999,100.480003,95.739998,99.519997,63170100
2016-01-15,AAPL,96.199997,97.709999,95.360001,97.129997,79010000
2016-01-19,AAPL,98.410004,98.650002,95.5,96.660004,53087700
2016-01-20,AAPL,95.099998,98.190002,93.419998,96.790001,72334400
2016-01-21,AAPL,97.059998,97.879997,94.940002,96.300003,52161500
2016-01-22,AAPL,98.629997,101.459999,98.370003,101.419998,65800500
2016-01-25,AAPL,101.519997,101.529999,99.209999,99.440002,51794500
2016-01-26,AAPL,99.93,100.879997,98.07,99.989998,75077000
2016-01-27,AAPL,96.040001,96.629997,93.339996,93.419998,133369700
2016-01-28,AAPL,93.790001,94.519997,92.389999,94.089996,55678800
2016-01-29,AAPL,94.790001,97.339996,94.349998,97.339996,64416500
2016-02-01,AAPL,96.470001,96.709999,95.400002,96.43,40943500
2016-02-02,AAPL,95.419998,96.040001,94.279999,94.480003,37357200
2016-02-03,AAPL,95.0,96.839996,94.080002,96.349998,45964300
2016-02-04,AAPL,95.860001,97.330002,95.190002,96.599998,46471700
2016-02-05,AAPL,96.519997,96.919998,93.690002,94.019997,46418100
2016-02-08,AAPL,93.129997,95.699997,93.040001,95.010002,54021400
2016-02-09,AAPL,94.290001,95.940002,93.93,94.989998,44331200
2016-02-10,AAPL,95.919998,96.349998,94.099998,94.269997,42343600
2016-02-11,AAPL,93.790001,94.720001,92.589996,93.699997,50074700
2016-02-12,AAPL,94.190002,94.5,93.010002,93.989998,40351400
2016-02-16,AAPL,95.019997,96.849998,94.610001,96.639999,49057900
2016-02-17,AAPL,96.669998,98.209999,96.150002,98.120003,44863200
2016-02-18,AAPL,98.839996,98.889999,96.089996,96.260002,39021000
2016-02-19,AAPL,96.0,96.760002,95.800003,96.040001,35374200
2016-02-22,AAPL,96.309998,96.900002,95.919998,96.879997,34280800
2016-02-23,AAPL,96.400002,96.5,94.550003,94.690002,31942600
2016-02-24,AAPL,93.980003,96.379997,93.32,96.099998,36255700
2016-02-25,AAPL,96.050003,96.760002,95.25,96.760002,27582700
2016-02-26,AAPL,97.199997,98.019997,96.580002,96.910004,28991100
2016-02-29,AAPL,96.860001,98.230003,96.650002,96.690002,35216300
2016-03-01,AAPL,97.650002,100.769997,97.419998,100.529999,50407100
2016-03-02,AAPL,100.510002,100.889999,99.639999,100.75,33169600
2016-03-03,AAPL,100.580002,101.709999,100.449997,101.5,36955700
2016-03-04,AAPL,102.370003,103.75,101.370003,103.010002,46055100
2016-03-07,AAPL,102.389999,102.830002,100.959999,101.870003,35828900
2016-03-08,AAPL,100.779999,101.760002,100.400002,101.029999,31561900
2016-03-09,AAPL,101.309998,101.580002,100.269997,101.120003,27201700
2016-03-10,AAPL,101.410004,102.239998,100.150002,101.169998,33513600
2016-03-11,AAPL,102.239998,102.279999,101.5,102.260002,27408200
2016-03-14,AAPL,101.910004,102.910004,101.779999,102.519997,25076100
2016-03-15,AAPL,103.959999,105.18,103.849998,104.580002,40067700
2016-03-16,AAPL,104.610001,106.309998,104.589996,105.970001,38303500
2016-03-17,AAPL,105.519997,106.470001,104.959999,105.800003,34420700
2016-03-18,AAPL,106.339996,106.5,105.190002,105.919998,44205200
2016-03-21,AAPL,105.93,107.650002,105.139999,105.910004,35502700
2016-03-22,AAPL,105.25,107.290001,105.209999,106.720001,32444400
2016-03-23,AAPL,106.480003,107.07,105.900002,106.129997,25703500
2016-03-24,AAPL,105.470001,106.25,104.889999,105.669998,26133000
2016-03-28,AAPL,106.0,106.190002,105.059998,105.190002,19411400
2016-03-29,AAPL,104.889999,107.790001,104.879997,107.68,31190100
2016-03-30,AAPL,108.650002,110.419998,108.599998,109.559998,45601100
2016-03-31,AAPL,109.720001,109.900002,108.879997,108.989998,25888400
2016-04-01,AAPL,108.779999,110.0,108.199997,109.989998,25874000
2016-04-04,AAPL,110.419998,112.190002,110.269997,111.120003,37356200
2016-04-05,AAPL,109.510002,110.730003,109.419998,109.809998,26578700
2016-04-06,AAPL,110.230003,110.980003,109.199997,110.959999,26404100
2016-04-07,AAPL,109.949997,110.419998,108.120003,108.540001,31801900
2016-04-08,AAPL,108.910004,109.769997,108.169998,108.660004,23581700
2016-04-11,AAPL,108.970001,110.610001,108.830002,109.019997,29407500
2016-04-12,AAPL,109.339996,110.5,108.660004,110.440002,27232300
2016-04-13,AAPL,110.800003,112.339996,110.800003,112.040001,33257300
2016-04-14,AAPL,111.620003,112.389999,111.330002,112.099998,25473900
2016-04-15,AAPL,112.110001,112.300003,109.730003,109.849998,46939000
2016-04-18,AAPL,108.889999,108.949997,106.940002,107.480003,60834000
2016-04-19,AAPL,107.879997,108.0,106.230003,106.910004,32384900
2016-04-20,AAPL,106.639999,108.089996,106.059998,107.129997,30611000
2016-04-21,AAPL,106.93,106.93,105.519997,105.970001,31552500
2016-04-22,AAPL,105.010002,106.480003,104.620003,105.68,33683100
2016-04-25,AAPL,105.0,105.650002,104.510002,105.080002,28031600
2016-04-26,AAPL,103.910004,105.300003,103.910004,104.349998,56016200
2016-04-27,AAPL,96.0,98.709999,95.68,97.82,114602100
2016-04-28,AAPL,97.610001,97.879997,94.25,94.830002,82242700
2016-04-29,AAPL,93.989998,94.720001,92.510002,93.739998,68531500
2016-05-02,AAPL,93.970001,94.080002,92.400002,93.639999,48160100
2016-05-03,AAPL,94.199997,95.739998,93.68,95.18,56831300
2016-05-04,AAPL,95.199997,95.900002,93.82,94.190002,41025500
2016-05-05,AAPL,94.0,94.07,92.68,93.239998,35890500
2016-05-06,AAPL,93.370003,93.449997,91.849998,92.720001,43458200
2016-05-09,AAPL,93.0,93.769997,92.589996,92.790001,32936400
2016-05-10,AAPL,93.330002,93.57,92.110001,93.419998,33686800
2016-05-11,AAPL,93.480003,93.57,92.459999,92.510002,28719100
2016-05-12,AAPL,92.720001,92.779999,89.470001,90.339996,76314700
2016-05-13,AAPL,90.0,91.669998,90.0,90.519997,44392800
2016-05-16,AAPL,92.389999,94.389999,91.650002,93.879997,61259800
2016-05-17,AAPL,94.550003,94.699997,93.010002,93.489998,46916900
2016-05-18,AAPL,94.160004,95.209999,93.889999,94.559998,42062400
2016-05-19,AAPL,94.639999,94.639999,93.57,94.199997,30442100
2016-05-20,AAPL,94.639999,95.43,94.519997,95.220001,32026000
2016-05-23,AAPL,95.870003,97.190002,95.669998,96.43,38018600
2016-05-24,AAPL,97.220001,98.089996,96.839996,97.900002,35140200
2016-05-25,AAPL,98.669998,99.739998,98.110001,99.620003,38168800
2016-05-26,AAPL,99.68,100.730003,98.639999,100.410004,56331200
2016-05-27,AAPL,99.440002,100.470001,99.25,100.349998,36229500
2016-05-31,AAPL,99.599998,100.400002,98.82,99.860001,42307200
2016-06-01,AAPL,99.019997,99.540001,98.330002,98.459999,29173300
2016-06-02,AAPL,97.599998,97.839996,96.629997,97.720001,40191600
2016-06-03,AAPL,97.790001,98.269997,97.449997,97.919998,28062900
2016-06-06,AAPL,97.989998,101.889999,97.550003,98.629997,23292500
2016-06-07,AAPL,99.25,99.870003,98.959999,99.029999,22409500
2016-06-08,AAPL,99.019997,99.559998,98.68,98.940002,20848100
2016-06-09,AAPL,98.5,99.989998,98.459999,99.650002,26601400
2016-06-10,AAPL,98.529999,99.349998,98.480003,98.830002,31712900
2016-06-13,AAPL,98.690002,99.120003,97.099998,97.339996,38020500
2016-06-14,AAPL,97.32,98.480003,96.75,97.459999,31931900
2016-06-15,AAPL,97.82,98.410004,97.029999,97.139999,29445200
2016-06-16,AAPL,96.449997,97.75,96.07,97.550003,31326800
2016-06-17,AAPL,96.620003,96.650002,95.300003,95.330002,61008200
2016-06-20,AAPL,96.0,96.57,95.029999,95.099998,34411900
2016-06-21,AAPL,94.940002,96.349998,94.68,95.910004,35546400
2016-06-22,AAPL,96.25,96.889999,95.349998,95.550003,29219100
2016-06-23,AAPL,95.940002,96.290001,95.25,96.099998,32240200
2016-06-24,AAPL,92.910004,94.660004,92.650002,93.400002,75311400
2016-06-27,AAPL,93.0,93.050003,91.5,92.040001,45489600
2016-06-28,AAPL,92.900002,93.660004,92.139999,93.589996,40444900
2016-06-29,AAPL,93.970001,94.550003,93.629997,94.400002,36531000
2016-06-30,AAPL,94.440002,95.769997,94.300003,95.599998,35836400
2016-07-01,AAPL,95.489998,96.470001,95.330002,95.889999,26026500
2016-07-05,AAPL,95.389999,95.400002,94.459999,94.989998,27705200
2016-07-06,AAPL,94.599998,95.660004,94.370003,95.529999,30949100
2016-07-07,AAPL,95.699997,96.5,95.620003,95.940002,25139600
2016-07-08,AAPL,96.489998,96.889999,96.050003,96.68,28912100
2016-07-11,AAPL,96.75,97.650002,96.730003,96.980003,23794900
2016-07-12,AAPL,97.169998,97.699997,97.120003,97.419998,24167500
2016-07-13,AAPL,97.410004,97.669998,96.839996,96.870003,25892200
2016-07-14,AAPL,97.389999,98.989998,97.32,98.790001,38919000
2016-07-15,AAPL,98.919998,99.300003,98.5,98.779999,30137000
2016-07-18,AAPL,98.699997,100.129997,98.599998,99.830002,36493900
2016-07-19,AAPL,99.559998,100.0,99.339996,99.870003,23779900
2016-07-20,AAPL,100.0,100.459999,99.739998,99.959999,26276000
2016-07-21,AAPL,99.830002,101.0,99.129997,99.43,32702000
2016-07-22,AAPL,99.260002,99.300003,98.309998,98.660004,28313700
2016-07-25,AAPL,98.25,98.839996,96.919998,97.339996,40382900
2016-07-26,AAPL,96.82,97.970001,96.419998,96.669998,56239800
2016-07-27,AAPL,104.269997,104.349998,102.75,102.949997,92344800
2016-07-28,AAPL,102.830002,104.449997,102.82,104.339996,39869800
2016-07-29,AAPL,104.190002,104.550003,103.68,104.209999,27733700
2016-08-01,AAPL,104.410004,106.150002,104.410004,106.050003,38167900
2016-08-02,AAPL,106.050003,106.07,104.0,104.480003,33816600
2016-08-03,AAPL,104.809998,105.839996,104.769997,105.790001,30202600
2016-08-04,AAPL,105.580002,106.0,105.279999,105.870003,27408700
2016-08-05,AAPL,106.269997,107.650002,106.18,107.480003,40553400
2016-08-08,AAPL,107.519997,108.370003,107.160004,108.370003,28037200
2016-08-09,AAPL,108.230003,108.940002,108.010002,108.809998,26315200
2016-08-10,AAPL,108.709999,108.900002,107.760002,108.0,24008500
2016-08-11,AAPL,108.519997,108.93,107.849998,107.93,27484500
2016-08-12,AAPL,107.779999,108.440002,107.779999,108.18,18660400
2016-08-15,AAPL,108.139999,109.540001,108.080002,109.480003,25868200
2016-08-16,AAPL,109.629997,110.230003,109.209999,109.379997,33794400
2016-08-17,AAPL,109.099998,109.370003,108.339996,109.220001,25356000
2016-08-18,AAPL,109.230003,109.599998,109.019997,109.080002,21984700
2016-08-19,AAPL,108.769997,109.690002,108.360001,109.360001,25368100
2016-08-22,AAPL,108.860001,109.099998,107.849998,108.510002,25820200
2016-08-23,AAPL,108.589996,109.32,108.529999,108.849998,21257700
2016-08-24,AAPL,108.57,108.75,107.68,108.029999,23675100
2016-08-25,AAPL,107.389999,107.879997,106.68,107.57,25086200
2016-08-26,AAPL,107.410004,107.949997,106.309998,106.940002,27766300
2016-08-29,AAPL,106.620003,107.440002,106.290001,106.82,24970300
2016-08-30,AAPL,105.800003,106.5,105.5,106.0,24863900
2016-08-31,AAPL,105.660004,106.57,105.639999,106.099998,29662400
2016-09-01,AAPL,106.139999,106.800003,105.620003,106.730003,26701500
2016-09-02,AAPL,107.699997,108.0,106.82,107.730003,26802500
2016-09-06,AAPL,107.900002,108.300003,107.510002,107.699997,26880400
2016-09-07,AAPL,107.830002,108.760002,107.07,108.360001,42364300
2016-09-08,AAPL,107.25,107.269997,105.239998,105.519997,53002000
2016-09-09,AAPL,104.639999,105.720001,103.129997,103.129997,46557000
2016-09-12,AAPL,102.650002,105.720001,102.529999,105.440002,45292800
2016-09-13,AAPL,107.510002,108.790001,107.239998,107.949997,62176200
2016-09-14,AAPL,108.730003,113.029999,108.599998,111.769997,110888700
2016-09-15,AAPL,113.860001,115.730003,113.489998,115.57,89983600
2016-09-16,AAPL,115.120003,116.129997,114.040001,114.919998,79886900
2016-09-19,AAPL,115.190002,116.18,113.25,113.580002,47023000
2016-09-20,AAPL,113.050003,114.120003,112.510002,113.57,34514300
2016-09-21,AAPL,113.849998,113.989998,112.440002,113.550003,36003200
2016-09-22,AAPL,114.349998,114.940002,114.0,114.620003,31074000
2016-09-23,AAPL,114.419998,114.790001,111.550003,112.709999,52481200
2016-09-26,AAPL,111.639999,113.389999,111.550003,112.879997,29869400
2016-09-27,AAPL,113.0,113.18,112.339996,113.089996,24607400
2016-09-28,AAPL,113.690002,114.639999,113.43,113.949997,29641100
2016-09-29,AAPL,113.160004,113.800003,111.800003,112.18,35887000
2016-09-30,AAPL,112.459999,113.370003,111.800003,113.050003,36379100
2016-10-03,AAPL,112.709999,113.050003,112.279999,112.519997,21701800
2016-10-04,AAPL,113.059998,114.309998,112.629997,113.0,29736800
2016-10-05,AAPL,113.400002,113.660004,112.690002,113.050003,21453100
2016-10-06,AAPL,113.699997,114.339996,113.129997,113.889999,28779300
2016-10-07,AAPL,114.309998,114.559998,113.510002,114.059998,24358400
2016-10-10,AAPL,115.019997,116.75,114.720001,116.050003,36236000
2016-10-11,AAPL,117.699997,118.690002,116.199997,116.300003,64041000
2016-10-12,AAPL,117.349998,117.980003,116.75,117.339996,37586800
2016-10-13,AAPL,116.790001,117.440002,115.720001,116.980003,35192400
2016-10-14,AAPL,117.879997,118.169998,117.129997,117.629997,35652200
2016-10-17,AAPL,117.330002,117.839996,116.779999,117.550003,23624900
2016-10-18,AAPL,118.18,118.209999,117.449997,117.470001,24553500
2016-10-19,AAPL,117.25,117.760002,113.800003,117.120003,20034600
2016-10-20,AAPL,116.860001,117.379997,116.330002,117.059998,24125800
2016-10-21,AAPL,116.809998,116.910004,116.279999,116.599998,23192700
2016-10-24,AAPL,117.099998,117.739998,117.0,117.650002,23538700
2016-10-25,AAPL,117.949997,118.360001,117.309998,118.25,48129000
2016-10-26,AAPL,114.309998,115.699997,113.309998,115.589996,66134200
2016-10-27,AAPL,115.389999,115.860001,114.099998,114.480003,34562000
2016-10-28,AAPL,113.870003,115.209999,113.449997,113.720001,37861700
2016-10-31,AAPL,113.650002,114.230003,113.199997,113.540001,26419400
2016-11-01,AAPL,113.459999,113.769997,110.529999,111.489998,43825800
2016-11-02,AAPL,111.400002,112.349998,111.230003,111.589996,28331700
2016-11-03,AAPL,110.980003,111.459999,109.550003,109.830002,26932600
2016-11-04,AAPL,108.529999,110.25,108.110001,108.839996,30837000
2016-11-07,AAPL,110.080002,110.510002,109.459999,110.410004,32560000
2016-11-08,AAPL,110.309998,111.720001,109.699997,111.059998,24054500
2016-11-09,AAPL,109.879997,111.32,108.050003,110.879997,59176400
2016-11-10,AAPL,111.089996,111.089996,105.830002,107.790001,57134500
2016-11-11,AAPL,107.120003,108.870003,106.550003,108.43,34094100
2016-11-14,AAPL,107.709999,107.809998,104.080002,105.709999,51175500
2016-11-15,AAPL,106.57,107.68,106.160004,107.110001,32264500
2016-11-16,AAPL,106.699997,110.230003,106.599998,109.989998,58840500
2016-11-17,AAPL,109.809998,110.349998,108.830002,109.949997,27632000
2016-11-18,AAPL,109.720001,110.540001,109.660004,110.059998,28428900
2016-11-21,AAPL,110.120003,111.989998,110.010002,111.730003,29264600
2016-11-22,AAPL,111.949997,112.419998,111.400002,111.800003,25965500
2016-11-23,AAPL,111.360001,111.510002,110.330002,111.230003,27426400
2016-11-25,AAPL,111.129997,111.870003,110.949997,111.790001,11475900
2016-11-28,AAPL,111.43,112.470001,111.389999,111.57,27194000
2016-11-29,AAPL,110.779999,112.029999,110.07,111.459999,28528800
2016-11-30,AAPL,111.599998,112.199997,110.269997,110.519997,36162300
2016-12-01,AAPL,110.370003,110.940002,109.029999,109.489998,37086900
2016-12-02,AAPL,109.169998,110.089996,108.849998,109.900002,26528000
2016-12-05,AAPL,110.0,110.029999,108.25,109.110001,34324500
2016-12-06,AAPL,109.5,110.360001,109.190002,109.949997,26195500
2016-12-07,AAPL,109.260002,111.190002,109.160004,111.029999,29998700
2016-12-08,AAPL,110.860001,112.43,110.599998,112.120003,27068300
2016-12-09,AAPL,112.309998,114.699997,112.309998,113.949997,34402600
2016-12-12,AAPL,113.290001,115.0,112.489998,113.300003,26374400
2016-12-13,AAPL,113.839996,115.919998,113.75,115.190002,43733800
2016-12-14,AAPL,115.040001,116.199997,114.980003,115.190002,34031800
2016-12-15,AAPL,115.379997,116.730003,115.230003,115.82,46524500
2016-12-16,AAPL,116.470001,116.5,115.650002,115.970001,44351100
2016-12-19,AAPL,115.800003,117.379997,115.75,116.639999,27779400
2016-12-20,AAPL,116.739998,117.5,116.68,116.949997,21425000
2016-12-21,AAPL,116.800003,117.400002,116.779999,117.059998,23783200
2016-12-22,AAPL,116.349998,116.510002,115.639999,116.290001,26085900
2016-12-23,AAPL,115.589996,116.519997,115.589996,116.519997,14249500
2016-12-27,AAPL,116.519997,117.800003,116.489998,117.260002,18296900
2016-12-28,AAPL,117.519997,118.019997,116.199997,116.760002,20905900
2016-12-29,AAPL,116.449997,117.110001,116.400002,116.730003,15039500
2016-12-30,AAPL,116.650002,117.199997,115.43,115.82,30586300
2017-01-03,AAPL,115.800003,116.330002,114.760002,116.150002,28781900
2017-01-04,AAPL,115.849998,116.510002,115.75,116.019997,21118100
2017-01-05,AAPL,115.919998,116.860001,115.809998,116.610001,22193600
2017-01-06,AAPL,116.779999,118.160004,116.470001,117.910004,31751900
2017-01-09,AAPL,117.949997,119.43,117.940002,118.989998,33561900
2017-01-10,AAPL,118.769997,119.379997,118.300003,119.110001,24462100
2017-01-11,AAPL,118.739998,119.93,118.599998,119.75,27588600
2017-01-12,AAPL,118.900002,119.300003,118.209999,119.25,27086200
2017-01-13,AAPL,119.110001,119.620003,118.809998,119.040001,26111900
2017-01-17,AAPL,118.339996,120.239998,118.220001,120.0,34439800
2017-01-18,AAPL,120.0,120.5,119.709999,119.989998,23713000
2017-01-19,AAPL,119.400002,120.089996,119.370003,119.779999,25597300
2017-01-20,AAPL,120.449997,120.449997,119.730003,120.0,32597900
2017-01-23,AAPL,120.0,120.809998,119.769997,120.080002,22050200
2017-01-24,AAPL,119.550003,120.099998,119.5,119.970001,23211000
2017-01-25,AAPL,120.419998,122.099998,120.279999,121.879997,32377600
2017-01-26,AAPL,121.669998,122.440002,121.599998,121.940002,26337600
2017-01-27,AAPL,122.139999,122.349998,121.599998,121.949997,20562900
2017-01-30,AAPL,120.93,121.629997,120.660004,121.629997,30377500
2017-01-31,AAPL,121.150002,121.389999,120.620003,121.349998,49201000
2017-02-01,AAPL,127.029999,130.490005,127.010002,128.75,111985000
2017-02-02,AAPL,127.980003,129.389999,127.779999,128.529999,33710400
2017-02-03,AAPL,128.309998,129.190002,128.160004,129.080002,24507300
2017-02-06,AAPL,129.130005,130.5,128.899994,130.28999299999998,26845900
2017-02-07,AAPL,130.53999299999998,132.089996,130.449997,131.529999,38183800
2017-02-08,AAPL,131.350006,132.220001,131.220001,132.03999299999998,23004100
2017-02-09,AAPL,131.649994,132.449997,131.119995,132.419998,28349900
2017-02-10,AAPL,132.46000700000002,132.940002,132.050003,132.119995,20065500
2017-02-13,AAPL,133.080002,133.820007,132.75,133.28999299999998,23035400
2017-02-14,AAPL,133.470001,135.089996,133.25,135.020004,33226200
2017-02-15,AAPL,135.520004,136.270004,134.619995,135.509995,35623100
2017-02-16,AAPL,135.669998,135.899994,134.839996,135.350006,22584600
2017-02-17,AAPL,135.100006,135.830002,135.100006,135.720001,22198200
2017-02-21,AAPL,136.229996,136.75,135.979996,136.699997,24507200
2017-02-22,AAPL,136.429993,137.119995,136.110001,137.110001,20836900
2017-02-23,AAPL,137.380005,137.479996,136.300003,136.529999,20788200
2017-02-24,AAPL,135.910004,136.660004,135.279999,136.660004,21776600
2017-02-27,AAPL,137.139999,137.440002,136.279999,136.929993,20257400
2017-02-28,AAPL,137.080002,137.440002,136.699997,136.990005,23482900
2017-03-01,AAPL,137.889999,140.149994,137.600006,139.78999299999998,36414600
2017-03-02,AAPL,140.0,140.279999,138.759995,138.96000700000002,26211000
2017-03-03,AAPL,138.779999,139.830002,138.589996,139.779999,21108100
2017-03-06,AAPL,139.369995,139.770004,138.600006,139.339996,21750000
2017-03-07,AAPL,139.059998,139.979996,138.78999299999998,139.520004,17446300
2017-03-08,AAPL,138.949997,139.800003,138.820007,139.0,18707200
2017-03-09,AAPL,138.740005,138.78999299999998,137.050003,138.679993,22155900
2017-03-10,AAPL,139.25,139.360001,138.639999,139.139999,19612800
2017-03-13,AAPL,138.850006,139.429993,138.820007,139.199997,17421700
2017-03-14,AAPL,139.300003,139.649994,138.839996,138.990005,15309100
2017-03-15,AAPL,139.410004,140.75,139.029999,140.46000700000002,25691800
2017-03-16,AAPL,140.720001,141.020004,140.259995,140.690002,19232000
2017-03-17,AAPL,141.0,141.0,139.889999,139.990005,43885000
2017-03-20,AAPL,140.399994,141.5,140.229996,141.46000700000005,21542000
2017-03-21,AAPL,142.110001,142.800003,139.729996,139.839996,39529900
2017-03-22,AAPL,139.850006,141.600006,139.759995,141.419998,25860200
2017-03-23,AAPL,141.259995,141.580002,140.610001,140.919998,20346300
2017-03-24,AAPL,141.5,141.740005,140.350006,140.639999,22395600
2017-03-27,AAPL,139.389999,141.220001,138.619995,140.880005,23575100
2017-03-28,AAPL,140.910004,144.03999299999995,140.619995,143.800003,33374800
2017-03-29,AAPL,143.679993,144.490005,143.190002,144.119995,29190000
2017-03-30,AAPL,144.190002,144.5,143.5,143.929993,21207300
2017-03-31,AAPL,143.720001,144.270004,143.009995,143.660004,19661700
2017-04-03,AAPL,143.71000700000005,144.119995,143.050003,143.699997,19985700
2017-04-04,AAPL,143.25,144.889999,143.169998,144.770004,19891400
2017-04-05,AAPL,144.220001,145.46000700000005,143.809998,144.020004,27717900
2017-04-06,AAPL,144.28999299999995,144.520004,143.449997,143.660004,21149000
2017-04-07,AAPL,143.729996,144.179993,143.270004,143.339996,16672200
2017-04-10,AAPL,143.600006,143.880005,142.899994,143.169998,18933400
2017-04-11,AAPL,142.940002,143.350006,140.059998,141.630005,30379400
2017-04-12,AAPL,141.600006,142.149994,141.009995,141.800003,20350000
2017-04-13,AAPL,141.910004,142.380005,141.050003,141.050003,17822900
2017-04-17,AAPL,141.479996,141.880005,140.869995,141.830002,16582100
2017-04-18,AAPL,141.410004,142.03999299999995,141.110001,141.199997,14697500
2017-04-19,AAPL,141.880005,142.0,140.449997,140.679993,17328400
2017-04-20,AAPL,141.220001,142.919998,141.160004,142.440002,23319600
2017-04-21,AAPL,142.440002,142.679993,141.850006,142.270004,17320900
2017-04-24,AAPL,143.5,143.949997,143.179993,143.639999,17134300
2017-04-25,AAPL,143.910004,144.899994,143.869995,144.529999,18871500
2017-04-26,AAPL,144.470001,144.600006,143.380005,143.679993,20041200
2017-04-27,AAPL,143.919998,144.160004,143.309998,143.78999299999995,14246300
2017-04-28,AAPL,144.089996,144.300003,143.270004,143.649994,20860400
2017-05-01,AAPL,145.100006,147.199997,144.96000700000005,146.580002,33602900
2017-05-02,AAPL,147.53999299999995,148.089996,146.839996,147.509995,45352200
2017-05-03,AAPL,145.589996,147.490005,144.270004,147.059998,45697000
2017-05-04,AAPL,146.520004,147.139999,145.809998,146.529999,23371900
2017-05-05,AAPL,146.759995,148.979996,146.759995,148.96000700000005,27327700
2017-05-08,AAPL,149.029999,153.699997,149.029999,153.009995,48752400
2017-05-09,AAPL,153.869995,154.880005,153.449997,153.990005,39130400
2017-05-10,AAPL,153.630005,153.940002,152.110001,153.259995,25805700
2017-05-11,AAPL,152.449997,154.070007,152.309998,153.949997,27255100
2017-05-12,AAPL,154.699997,156.419998,154.669998,156.100006,32527000
2017-05-15,AAPL,156.009995,156.649994,155.050003,155.699997,26009700
2017-05-16,AAPL,155.940002,156.059998,154.720001,155.470001,20048500
2017-05-17,AAPL,153.600006,154.570007,149.71000700000005,150.25,50767700
2017-05-18,AAPL,151.270004,153.339996,151.130005,152.53999299999995,33568200
2017-05-19,AAPL,153.380005,153.979996,152.630005,153.059998,26960800
2017-05-22,AAPL,154.0,154.580002,152.910004,153.990005,22966400
2017-05-23,AAPL,154.899994,154.899994,153.309998,153.800003,19918900
2017-05-24,AAPL,153.839996,154.169998,152.669998,153.339996,19178000
2017-05-25,AAPL,153.729996,154.350006,153.029999,153.869995,19235600
2017-05-26,AAPL,154.0,154.240005,153.309998,153.610001,21927600
2017-05-30,AAPL,153.419998,154.429993,153.330002,153.669998,20126900
2017-05-31,AAPL,153.970001,154.169998,152.380005,152.759995,24451200
2017-06-01,AAPL,153.169998,153.330002,152.220001,153.179993,16404100
2017-06-02,AAPL,153.580002,155.449997,152.889999,155.449997,27770700
2017-06-05,AAPL,154.339996,154.449997,153.46000700000005,153.929993,25331700
2017-06-06,AAPL,153.899994,155.809998,153.779999,154.449997,26624900
2017-06-07,AAPL,155.020004,155.979996,154.479996,155.369995,21069600
2017-06-08,AAPL,155.25,155.53999299999995,154.399994,154.990005,21250800
2017-06-09,AAPL,155.190002,155.190002,146.020004,148.979996,64882700
2017-06-12,AAPL,145.740005,146.089996,142.509995,145.419998,72307300
2017-06-13,AAPL,147.160004,147.449997,145.149994,146.589996,34165400
2017-06-14,AAPL,147.5,147.5,143.839996,145.160004,31531200
2017-06-15,AAPL,143.320007,144.479996,142.21000700000005,144.28999299999995,32165400
2017-06-16,AAPL,143.779999,144.5,142.199997,142.270004,50361100
2017-06-19,AAPL,143.660004,146.740005,143.660004,146.339996,32541400
2017-06-20,AAPL,146.869995,146.869995,144.940002,145.009995,24900100
2017-06-21,AAPL,145.520004,146.070007,144.610001,145.869995,21265800
2017-06-22,AAPL,145.770004,146.699997,145.119995,145.630005,19106300
2017-06-23,AAPL,145.130005,147.160004,145.110001,146.279999,35439400
2017-06-26,AAPL,147.169998,148.279999,145.380005,145.820007,25692400
2017-06-27,AAPL,145.009995,146.160004,143.619995,143.729996,24761900
2017-06-28,AAPL,144.490005,146.110001,143.160004,145.830002,22082400
2017-06-29,AAPL,144.71000700000005,145.130005,142.279999,143.679993,31499400
2017-06-30,AAPL,144.449997,144.96000700000005,143.779999,144.020004,23024100
2017-07-03,AAPL,144.880005,145.300003,143.100006,143.5,14277800
2017-07-05,AAPL,143.690002,144.78999299999995,142.720001,144.089996,21569600
2017-07-06,AAPL,143.020004,143.5,142.410004,142.729996,24128800
2017-07-07,AAPL,142.899994,144.75,142.899994,144.179993,19201700
2017-07-10,AAPL,144.110001,145.949997,143.369995,145.059998,21090600
2017-07-11,AAPL,144.729996,145.850006,144.380005,145.529999,19781800
2017-07-12,AAPL,145.869995,146.179993,144.820007,145.740005,24884500
2017-07-13,AAPL,145.5,148.490005,145.440002,147.770004,25199400
2017-07-14,AAPL,147.970001,149.330002,147.330002,149.03999299999995,20132100
2017-07-17,AAPL,148.820007,150.899994,148.570007,149.559998,23793500
2017-07-18,AAPL,149.199997,150.130005,148.669998,150.080002,17868800
2017-07-19,AAPL,150.479996,151.419998,149.949997,151.020004,20923000
2017-07-20,AAPL,151.5,151.740005,150.190002,150.339996,17243700
2017-07-21,AAPL,149.990005,150.440002,148.880005,150.270004,26252600
2017-07-24,AAPL,150.580002,152.440002,149.899994,152.089996,21493200
2017-07-25,AAPL,151.800003,153.839996,151.800003,152.740005,18853900
2017-07-26,AAPL,153.350006,153.929993,153.059998,153.46000700000005,15781000
2017-07-27,AAPL,153.75,153.990005,147.300003,150.559998,32476300
2017-07-28,AAPL,149.889999,150.229996,149.190002,149.5,17213700
2017-07-31,AAPL,149.899994,150.330002,148.130005,148.729996,19845900
2017-08-01,AAPL,149.100006,150.220001,148.410004,150.050003,35368600
2017-08-02,AAPL,159.279999,159.75,156.160004,157.139999,69936800
2017-08-03,AAPL,157.050003,157.21000700000005,155.020004,155.570007,27097300
2017-08-04,AAPL,156.070007,157.399994,155.690002,156.389999,20559900
2017-08-07,AAPL,157.059998,158.919998,156.669998,158.809998,21870300
2017-08-08,AAPL,158.600006,161.830002,158.270004,160.080002,36205900
2017-08-09,AAPL,159.259995,161.270004,159.110001,161.059998,26131500
2017-08-10,AAPL,159.899994,160.0,154.630005,155.320007,40804300
2017-08-11,AAPL,156.600006,158.570007,156.070007,157.479996,26257100
2017-08-14,AAPL,159.320007,160.21000700000005,158.75,159.850006,22122700
2017-08-15,AAPL,160.660004,162.199997,160.139999,161.600006,29465500
2017-08-16,AAPL,161.940002,162.509995,160.149994,160.949997,27671600
2017-08-17,AAPL,160.520004,160.71000700000005,157.839996,157.860001,27940600
2017-08-18,AAPL,157.860001,159.5,156.720001,157.5,27428100
2017-08-21,AAPL,157.5,157.889999,155.110001,157.21000700000005,26368500
2017-08-22,AAPL,158.229996,160.0,158.020004,159.779999,21604600
2017-08-23,AAPL,159.070007,160.470001,158.880005,159.979996,19399100
2017-08-24,AAPL,160.429993,160.740005,158.550003,159.270004,19818900
2017-08-25,AAPL,159.649994,160.559998,159.270004,159.860001,25480100
2017-08-28,AAPL,160.139999,162.0,159.929993,161.470001,25966000
2017-08-29,AAPL,160.100006,163.119995,160.0,162.910004,29516900
2017-08-30,AAPL,163.800003,163.889999,162.610001,163.350006,27269600
2017-08-31,AAPL,163.639999,164.520004,163.479996,164.0,26785100
2017-09-01,AAPL,164.800003,164.940002,163.630005,164.050003,16591100
2017-09-05,AAPL,163.75,164.25,160.559998,162.080002,29468500
2017-09-06,AAPL,162.71000700000005,162.990005,160.520004,161.910004,21651700
2017-09-07,AAPL,162.089996,162.240005,160.360001,161.259995,21928500
2017-09-08,AAPL,160.860001,161.149994,158.529999,158.630005,28611500
2017-09-11,AAPL,160.5,162.050003,159.889999,161.5,31580800
2017-09-12,AAPL,162.610001,163.96000700000005,158.770004,160.860001,71714000
2017-09-13,AAPL,159.869995,159.96000700000005,157.910004,159.649994,44907400
2017-09-14,AAPL,158.990005,159.399994,158.089996,158.279999,23760700
2017-09-15,AAPL,158.470001,160.970001,158.0,159.880005,49114600
2017-09-18,AAPL,160.110001,160.5,158.0,158.669998,28269400
2017-09-19,AAPL,159.509995,159.770004,158.440002,158.729996,20810600
2017-09-20,AAPL,157.899994,158.259995,153.830002,156.070007,52951400
2017-09-21,AAPL,155.800003,155.800003,152.75,153.389999,37511700
2017-09-22,AAPL,151.53999299999995,152.270004,150.559998,151.889999,46645400
2017-09-25,AAPL,149.990005,151.830002,149.160004,150.550003,44387300
2017-09-26,AAPL,151.779999,153.919998,151.690002,153.139999,36660000
2017-09-27,AAPL,153.800003,154.720001,153.53999299999995,154.229996,25504200
2017-09-28,AAPL,153.889999,154.279999,152.699997,153.279999,22005500
2017-09-29,AAPL,153.21000700000005,154.130005,152.0,154.119995,26299800
2017-10-02,AAPL,154.259995,154.449997,152.720001,153.809998,18698800
2017-10-03,AAPL,154.009995,155.089996,153.910004,154.479996,16230300
2017-10-04,AAPL,153.630005,153.860001,152.46000700000005,153.479996,20163800
2017-10-05,AAPL,154.179993,155.440002,154.050003,155.389999,21283800
2017-10-06,AAPL,154.970001,155.490005,154.559998,155.300003,17407600
2017-10-09,AAPL,155.809998,156.729996,155.490005,155.839996,16262900
2017-10-10,AAPL,156.059998,158.0,155.100006,155.899994,15617000
2017-10-11,AAPL,155.970001,156.979996,155.75,156.550003,16905600
2017-10-12,AAPL,156.350006,157.369995,155.729996,156.0,16125100
2017-10-13,AAPL,156.729996,157.279999,156.410004,156.990005,16394200
2017-10-16,AAPL,157.899994,160.0,157.649994,159.880005,24121500
2017-10-17,AAPL,159.779999,160.869995,159.229996,160.470001,18997300
2017-10-18,AAPL,160.419998,160.71000700000005,159.600006,159.759995,16374200
2017-10-19,AAPL,156.75,157.080002,155.020004,155.979996,42584200
2017-10-20,AAPL,156.610001,157.75,155.96000700000005,156.25,23974100
2017-10-23,AAPL,156.889999,157.690002,155.5,156.169998,21984300
2017-10-24,AAPL,156.28999299999995,157.419998,156.199997,157.100006,17757200
2017-10-25,AAPL,156.910004,157.550003,155.270004,156.410004,21207100
2017-10-26,AAPL,157.229996,157.830002,156.779999,157.410004,17000500
2017-10-27,AAPL,159.28999299999995,163.600006,158.699997,163.050003,44454200
2017-10-30,AAPL,163.889999,168.070007,163.720001,166.720001,44700800
2017-10-31,AAPL,167.899994,169.649994,166.940002,169.03999299999995,36046800
2017-11-01,AAPL,169.869995,169.940002,165.610001,166.889999,33637800
2017-11-02,AAPL,166.600006,168.5,165.279999,168.110001,41393400
2017-11-03,AAPL,174.0,174.259995,171.119995,172.5,59398600
2017-11-06,AAPL,172.369995,174.990005,171.720001,174.25,35026300
2017-11-07,AAPL,173.910004,175.25,173.600006,174.809998,24361500
2017-11-08,AAPL,174.660004,176.240005,174.330002,176.240005,24409500
2017-11-09,AAPL,175.110001,176.100006,173.139999,175.880005,29482600
2017-11-10,AAPL,175.110001,175.380005,174.270004,174.669998,25145500
2017-11-13,AAPL,173.5,174.5,173.399994,173.970001,16982100
2017-11-14,AAPL,173.03999299999995,173.479996,171.179993,171.339996,24782500
2017-11-15,AAPL,169.970001,170.320007,168.380005,169.080002,29158100
2017-11-16,AAPL,171.179993,171.869995,170.300003,171.100006,23637500
2017-11-17,AAPL,171.03999299999995,171.389999,169.639999,170.149994,21899500
2017-11-20,AAPL,170.28999299999995,170.559998,169.559998,169.979996,16262400
2017-11-21,AAPL,170.779999,173.699997,170.779999,173.139999,25131300
2017-11-22,AAPL,173.360001,175.0,173.050003,174.96000700000005,25588900
2017-11-24,AAPL,175.100006,175.5,174.649994,174.970001,14026700
2017-11-27,AAPL,175.050003,175.080002,173.339996,174.089996,20716800
2017-11-28,AAPL,174.300003,174.869995,171.860001,173.070007,26428800
2017-11-29,AAPL,172.630005,172.919998,167.160004,169.479996,41666400
2017-11-30,AAPL,170.429993,172.139999,168.440002,171.850006,41527200
2017-12-01,AAPL,169.949997,171.669998,168.5,171.050003,39759300
2017-12-04,AAPL,172.479996,172.619995,169.630005,169.800003,32542400
2017-12-05,AAPL,169.059998,171.520004,168.399994,169.639999,27350200
2017-12-06,AAPL,167.5,170.199997,166.46000700000005,169.009995,28560000
2017-12-07,AAPL,169.029999,170.440002,168.910004,169.320007,25673300
2017-12-08,AAPL,170.490005,171.0,168.820007,169.369995,23355200
2017-12-11,AAPL,169.199997,172.889999,168.78999299999995,172.669998,35273800
2017-12-12,AAPL,172.149994,172.389999,171.46000700000005,171.699997,19409200
2017-12-13,AAPL,172.5,173.53999299999995,172.0,172.270004,23818400
2017-12-14,AAPL,172.399994,173.130005,171.649994,172.220001,20476500
2017-12-15,AAPL,173.630005,174.169998,172.46000700000005,173.970001,40169300
2017-12-18,AAPL,174.880005,177.199997,174.860001,176.419998,29421100
2017-12-19,AAPL,175.029999,175.389999,174.089996,174.53999299999995,27436400
2017-12-20,AAPL,174.869995,175.419998,173.25,174.350006,23475600
2017-12-21,AAPL,174.169998,176.020004,174.100006,175.009995,20949900
2017-12-22,AAPL,174.679993,175.419998,174.5,175.009995,16114600
2017-12-26,AAPL,170.800003,171.470001,169.679993,170.570007,33185500
2017-12-27,AAPL,170.100006,170.779999,169.71000700000005,170.600006,21498200
2017-12-28,AAPL,171.0,171.850006,170.479996,171.080002,16480200
2017-12-29,AAPL,170.520004,170.589996,169.220001,169.229996,25884400
2018-01-02,AAPL,170.160004,172.300003,169.259995,172.259995,25555900
2018-01-03,AAPL,172.529999,174.550003,171.96000700000005,172.229996,29517900
2018-01-04,AAPL,172.53999299999995,173.470001,172.080002,173.029999,22434600
2018-01-05,AAPL,173.440002,175.369995,173.050003,175.0,23660000
2018-01-08,AAPL,174.350006,175.610001,173.929993,174.350006,20567800
2018-01-09,AAPL,174.550003,175.059998,173.410004,174.330002,21584000
2018-01-10,AAPL,173.160004,174.300003,173.0,174.28999299999995,23959900
2018-01-11,AAPL,174.589996,175.490005,174.490005,175.279999,18667700
2018-01-12,AAPL,176.179993,177.360001,175.649994,177.089996,25226000
2018-01-16,AAPL,177.899994,179.389999,176.139999,176.190002,29565900
2018-01-17,AAPL,176.149994,179.25,175.070007,179.100006,34386800
2018-01-18,AAPL,179.369995,180.100006,178.25,179.259995,31193400
2018-01-19,AAPL,178.610001,179.580002,177.410004,178.46000700000005,32425100
2018-01-22,AAPL,177.300003,177.779999,176.600006,177.0,27108600
2018-01-23,AAPL,177.300003,179.440002,176.820007,177.03999299999995,32689100
2018-01-24,AAPL,177.25,177.300003,173.199997,174.220001,51105100
2018-01-25,AAPL,174.509995,174.949997,170.529999,171.110001,41529000
2018-01-26,AAPL,172.0,172.0,170.059998,171.509995,39143000
2018-01-29,AAPL,170.160004,170.160004,167.070007,167.96000700000005,50640400
2018-01-30,AAPL,165.529999,167.369995,164.699997,166.970001,46048200
2018-01-31,AAPL,166.869995,168.440002,166.5,167.429993,32478900
2018-02-01,AAPL,167.169998,168.619995,166.759995,167.779999,47230800
2018-02-02,AAPL,166.0,166.800003,160.100006,160.5,86593800
2018-02-05,AAPL,159.100006,163.880005,156.0,156.490005,72738500
2018-02-06,AAPL,154.830002,163.720001,154.0,163.029999,68243800
2018-02-07,AAPL,163.089996,163.399994,159.070007,159.53999299999995,51608600
2018-02-08,AAPL,160.28999299999995,161.0,155.029999,155.149994,54390500
2018-02-09,AAPL,157.070007,157.889999,150.240005,156.410004,70672600
2018-02-12,AAPL,158.5,163.889999,157.509995,162.71000700000005,60819500
2018-02-13,AAPL,161.949997,164.75,161.649994,164.339996,32549200
2018-02-14,AAPL,163.03999299999995,167.53999299999995,162.880005,167.369995,40644900
2018-02-15,AAPL,169.78999299999995,173.089996,169.0,172.990005,51147200
2018-02-16,AAPL,172.360001,174.820007,171.770004,172.429993,40176100
2018-02-20,AAPL,172.050003,174.259995,171.419998,171.850006,33930500
2018-02-21,AAPL,172.830002,174.119995,171.009995,171.070007,37471600
2018-02-22,AAPL,171.800003,173.949997,171.71000700000005,172.5,30991900
2018-02-23,AAPL,173.669998,175.649994,173.53999299999995,175.5,33812400
2018-02-26,AAPL,176.350006,179.389999,176.21000700000005,178.970001,38162200
2018-02-27,AAPL,179.100006,180.479996,178.160004,178.389999,38928100
2018-02-28,AAPL,179.259995,180.619995,178.050003,178.119995,37782100
2018-03-01,AAPL,178.53999299999995,179.779999,172.660004,175.0,48802000
2018-03-02,AAPL,172.800003,176.300003,172.449997,176.21000700000005,38454000
2018-03-05,AAPL,175.21000700000005,177.740005,174.520004,176.820007,28401400
2018-03-06,AAPL,177.910004,178.25,176.130005,176.669998,23788500
2018-03-07,AAPL,174.940002,175.850006,174.270004,175.029999,31703500
2018-03-08,AAPL,175.479996,177.119995,175.070007,176.940002,23774100
2018-03-09,AAPL,177.96000700000005,180.0,177.389999,179.979996,32185200
2018-03-12,AAPL,180.289993,182.389999,180.210007,181.720001,32207100
2018-03-13,AAPL,182.589996,183.5,179.240005,179.970001,31693500
2018-03-14,AAPL,180.320007,180.520004,177.809998,178.440002,29368400
2018-03-15,AAPL,178.5,180.240005,178.070007,178.649994,22743800
2018-03-16,AAPL,178.649994,179.119995,177.619995,178.020004,39404700
2018-03-19,AAPL,177.320007,177.470001,173.660004,175.300003,33446800
2018-03-20,AAPL,175.240005,176.800003,174.940002,175.240005,19649400
2018-03-21,AAPL,175.03999299999995,175.089996,171.259995,171.270004,36338100
2018-03-22,AAPL,170.0,172.679993,168.600006,168.850006,41490800
2018-03-23,AAPL,168.389999,169.919998,164.940002,164.940002,41028800
2018-03-26,AAPL,168.070007,173.100006,166.440002,172.770004,37541200
2018-03-27,AAPL,173.679993,175.149994,166.919998,168.339996,40922600
2018-03-28,AAPL,167.25,170.020004,165.190002,166.479996,41668500
2018-03-29,AAPL,167.809998,171.75,166.899994,167.779999,38398500
2018-04-02,AAPL,166.639999,168.940002,164.470001,166.679993,37586800
2018-04-03,AAPL,167.639999,168.75,164.880005,168.389999,30278000
2018-04-04,AAPL,164.880005,172.009995,164.770004,171.610001,34605500
2018-04-05,AAPL,172.580002,174.229996,172.080002,172.800003,26933200
2018-04-06,AAPL,170.970001,172.479996,168.199997,168.380005,35005300
2018-04-09,AAPL,169.880005,173.089996,169.850006,170.050003,29017700
2018-04-10,AAPL,173.0,174.0,171.529999,173.25,28408600
2018-04-11,AAPL,172.229996,173.919998,171.699997,172.440002,22431600
2018-04-12,AAPL,173.410004,175.0,173.03999299999995,174.139999,22889300
2018-04-13,AAPL,174.779999,175.839996,173.850006,174.729996,25124300
2018-04-16,AAPL,175.029999,176.190002,174.830002,175.820007,21578400
2018-04-17,AAPL,176.490005,178.940002,176.410004,178.240005,26509000
2018-04-18,AAPL,177.809998,178.820007,176.880005,177.839996,20754500
2018-04-19,AAPL,173.759995,175.389999,172.660004,172.800003,34808800
2018-04-20,AAPL,170.600006,171.220001,165.429993,165.720001,65491100
2018-04-23,AAPL,166.830002,166.919998,164.089996,165.240005,36515500
2018-04-24,AAPL,165.669998,166.330002,161.220001,162.940002,33692000
2018-04-25,AAPL,162.619995,165.419998,162.410004,163.649994,28382100
2018-04-26,AAPL,164.119995,165.729996,163.369995,164.220001,27963000
2018-04-27,AAPL,164.0,164.330002,160.630005,162.320007,35655800
2018-04-30,AAPL,162.130005,167.259995,161.839996,165.259995,42427400
2018-05-01,AAPL,166.410004,169.199997,165.270004,169.100006,53569400
2018-05-02,AAPL,175.229996,177.75,173.800003,176.570007,66539400
2018-05-03,AAPL,175.880005,177.5,174.440002,176.889999,34068200
2018-05-04,AAPL,178.25,184.25,178.169998,183.830002,56201300
2018-05-07,AAPL,185.179993,187.669998,184.75,185.160004,42451400
2018-05-08,AAPL,184.990005,186.220001,183.669998,186.050003,28402800
2018-05-09,AAPL,186.550003,187.399994,185.220001,187.360001,23211200
2018-05-10,AAPL,187.740005,190.369995,187.649994,190.039993,27989300
2018-05-11,AAPL,189.490005,190.059998,187.449997,188.589996,26212200
2018-05-14,AAPL,189.009995,189.529999,187.860001,188.149994,20778800
2018-05-15,AAPL,186.779999,187.070007,185.100006,186.440002,23695200
2018-05-16,AAPL,186.070007,188.460007,186.0,188.179993,19183100
2018-05-17,AAPL,188.0,188.910004,186.360001,186.990005,17294000
2018-05-18,AAPL,187.190002,187.809998,186.130005,186.309998,18297700
2018-05-21,AAPL,188.0,189.270004,186.910004,187.630005,18400800
2018-05-22,AAPL,188.380005,188.880005,186.779999,187.160004,15240700
2018-05-23,AAPL,186.350006,188.5,185.759995,188.360001,20058400
2018-05-24,AAPL,188.770004,188.839996,186.210007,188.149994,23234000
2018-05-25,AAPL,188.229996,189.649994,187.649994,188.580002,17461000
2018-05-29,AAPL,187.600006,188.75,186.869995,187.899994,22514100
2018-05-30,AAPL,187.720001,188.0,186.779999,187.5,18690500
2018-05-31,AAPL,187.220001,188.229996,186.139999,186.869995,27482800
2018-06-01,AAPL,187.990005,190.259995,187.75,190.240005,23442500
2018-06-04,AAPL,191.639999,193.419998,191.350006,191.830002,26266200
2018-06-05,AAPL,193.070007,193.940002,192.360001,193.309998,21566000
2018-06-06,AAPL,193.630005,194.080002,191.919998,193.979996,20933600
2018-06-07,AAPL,194.139999,194.199997,192.339996,193.460007,21347200
2018-06-08,AAPL,191.169998,192.0,189.770004,191.699997,26656800
2018-06-11,AAPL,191.350006,191.970001,190.210007,191.229996,18308500
2018-06-12,AAPL,191.389999,192.610001,191.149994,192.279999,16911100
2018-06-13,AAPL,192.419998,192.880005,190.440002,190.699997,21638400
2018-06-14,AAPL,191.550003,191.570007,190.220001,190.800003,21610100
2018-06-15,AAPL,190.029999,190.160004,188.259995,188.839996,61719200
2018-06-18,AAPL,187.880005,189.220001,187.199997,188.740005,18484900
2018-06-19,AAPL,185.139999,186.330002,183.449997,185.690002,33578500
2018-06-20,AAPL,186.350006,187.199997,185.729996,186.5,20628700
2018-06-21,AAPL,187.25,188.350006,184.940002,185.460007,25711900
2018-06-22,AAPL,186.119995,186.149994,184.699997,184.919998,27200400
2018-06-25,AAPL,183.399994,184.919998,180.729996,182.169998,31663100
2018-06-26,AAPL,182.990005,186.529999,182.539993,184.429993,24569200
2018-06-27,AAPL,185.229996,187.279999,184.029999,184.160004,25285300
2018-06-28,AAPL,184.100006,186.210007,183.800003,185.5,17365200
2018-06-29,AAPL,186.289993,187.190002,182.910004,185.110001,22737700
2018-07-02,AAPL,183.820007,187.300003,183.419998,187.179993,17731300
2018-07-03,AAPL,187.789993,187.949997,183.539993,183.919998,13954800
2018-07-05,AAPL,185.259995,186.410004,184.279999,185.399994,16604200
2018-07-06,AAPL,185.419998,188.429993,185.199997,187.970001,17485200
2018-07-09,AAPL,189.5,190.679993,189.300003,190.580002,19756600
2018-07-10,AAPL,190.710007,191.279999,190.179993,190.350006,15939100
2018-07-11,AAPL,188.5,189.779999,187.610001,187.880005,18831500
2018-07-12,AAPL,189.529999,191.410004,189.309998,191.029999,18041100
2018-07-13,AAPL,191.080002,191.839996,190.899994,191.330002,12513900
2018-07-16,AAPL,191.520004,192.649994,190.419998,190.910004,15043100
2018-07-17,AAPL,189.75,191.869995,189.199997,191.449997,15534500
2018-07-18,AAPL,191.779999,191.800003,189.929993,190.399994,16393400
2018-07-19,AAPL,189.690002,192.550003,189.690002,191.880005,20286800
2018-07-20,AAPL,191.779999,192.429993,190.169998,191.440002,20676200
2018-07-23,AAPL,190.679993,191.960007,189.559998,191.610001,15989400
2018-07-24,AAPL,192.449997,193.660004,192.050003,193.0,18697900
2018-07-25,AAPL,193.059998,194.850006,192.429993,194.820007,16709900
2018-07-26,AAPL,194.610001,195.960007,193.610001,194.210007,19076000
2018-07-27,AAPL,194.990005,195.190002,190.100006,190.979996,24024000
2018-07-30,AAPL,191.899994,192.199997,189.070007,189.910004,21029500
2018-07-31,AAPL,190.300003,192.139999,189.339996,190.289993,39373000
2018-08-01,AAPL,199.130005,201.759995,197.309998,201.5,67935700
2018-08-02,AAPL,200.580002,208.380005,200.350006,207.389999,62404000
2018-08-03,AAPL,207.029999,208.740005,205.479996,207.990005,33447400
2018-08-06,AAPL,208.0,209.25,207.070007,209.070007,25425400
2018-08-07,AAPL,209.320007,209.5,206.759995,207.110001,25587400
2018-08-08,AAPL,206.050003,207.809998,204.520004,207.25,22525500
2018-08-09,AAPL,209.529999,209.77999900000003,207.199997,208.880005,23492600
2018-08-10,AAPL,207.360001,209.100006,206.669998,207.529999,24611200
2018-08-13,AAPL,209.309998,210.949997,207.699997,208.869995,25890900
2018-08-14,AAPL,210.160004,210.559998,208.259995,209.75,20748000
2018-08-15,AAPL,209.220001,210.740005,208.330002,210.240005,28807600
2018-08-16,AAPL,211.75,213.809998,211.470001,213.320007,28500400
2018-08-17,AAPL,213.440002,217.949997,213.160004,217.580002,35427000
2018-08-20,AAPL,218.100006,219.179993,215.110001,215.460007,30287700
2018-08-21,AAPL,216.800003,217.190002,214.02999900000003,215.039993,26159800
2018-08-22,AAPL,214.100006,216.360001,213.839996,215.050003,19018100
2018-08-23,AAPL,214.649994,217.050003,214.600006,215.490005,18883200
2018-08-24,AAPL,216.600006,216.899994,215.110001,216.160004,18476400
2018-08-27,AAPL,217.149994,218.740005,216.330002,217.940002,20525100
2018-08-28,AAPL,219.00999500000003,220.539993,218.919998,219.699997,22776800
2018-08-29,AAPL,220.149994,223.490005,219.410004,222.979996,27254800
2018-08-30,AAPL,223.25,228.25999500000003,222.399994,225.02999900000003,48793800
2018-08-31,AAPL,226.50999500000003,228.869995,226.0,227.630005,43340100
2018-09-04,AAPL,228.410004,229.179993,226.630005,228.360001,27390100
2018-09-05,AAPL,228.990005,229.669998,225.100006,226.869995,33333000
2018-09-06,AAPL,226.229996,227.350006,221.300003,223.100006,34290000
2018-09-07,AAPL,221.850006,225.369995,220.710007,221.300003,37619800
2018-09-10,AAPL,220.949997,221.850006,216.470001,218.330002,39516500
2018-09-11,AAPL,218.00999500000003,224.300003,216.559998,223.850006,35749000
2018-09-12,AAPL,224.940002,225.0,219.839996,221.070007,49278700
2018-09-13,AAPL,223.520004,228.350006,222.570007,226.410004,41706400
2018-09-14,AAPL,225.75,226.839996,222.520004,223.839996,31999300
2018-09-17,AAPL,222.149994,222.949997,217.270004,217.880005,37195100
2018-09-18,AAPL,217.789993,221.850006,217.119995,218.240005,31571700
2018-09-19,AAPL,218.5,219.619995,215.300003,218.369995,27123800
2018-09-20,AAPL,220.240005,222.27999900000003,219.149994,220.02999900000003,26608800
2018-09-21,AAPL,220.77999900000003,221.360001,217.289993,217.660004,96246700
2018-09-24,AAPL,216.820007,221.25999500000003,216.630005,220.789993,27693400
2018-09-25,AAPL,219.75,222.820007,219.699997,222.190002,24554400
2018-09-26,AAPL,221.0,223.75,219.75999500000003,220.419998,23984700
2018-09-27,AAPL,223.820007,226.440002,223.539993,224.949997,30181200
2018-09-28,AAPL,224.789993,225.839996,224.020004,225.740005,22929400
2018-10-01,AAPL,227.949997,229.419998,226.350006,227.25999500000003,23600800
2018-10-02,AAPL,227.25,230.0,226.630005,229.27999900000003,24788200
2018-10-03,AAPL,230.050003,233.470001,229.77999900000003,232.070007,28654800
2018-10-04,AAPL,230.77999900000003,232.350006,226.729996,227.990005,32042000
2018-10-05,AAPL,227.960007,228.410004,220.580002,224.289993,33580500
2018-10-08,AAPL,222.210007,224.800003,220.199997,223.770004,29663900
2018-10-09,AAPL,223.639999,227.270004,222.25,226.869995,26891000
2018-10-10,AAPL,225.460007,226.350006,216.050003,216.360001,41990600
2018-10-11,AAPL,214.520004,219.5,212.320007,214.449997,53124400
2018-10-12,AAPL,220.419998,222.880005,216.839996,222.110001,40337900
2018-10-15,AAPL,221.160004,221.830002,217.270004,217.360001,30791000
2018-10-16,AAPL,218.929993,222.990005,216.75999500000003,222.149994,29184000
2018-10-17,AAPL,222.300003,222.639999,219.339996,221.190002,22885400
2018-10-18,AAPL,217.860001,219.740005,213.0,216.020004,32581300
2018-10-19,AAPL,218.059998,221.25999500000003,217.429993,219.309998,33078700
2018-10-22,AAPL,219.789993,223.360001,218.940002,220.649994,28792100
2018-10-23,AAPL,215.830002,223.25,214.699997,222.729996,38767800
2018-10-24,AAPL,222.600006,224.229996,214.539993,215.089996,40925500
2018-10-25,AAPL,217.710007,221.380005,216.75,219.800003,29855800
2018-10-26,AAPL,215.899994,220.190002,212.669998,216.300003,47258400
2018-10-29,AAPL,219.190002,219.690002,206.089996,212.240005,45935500
2018-10-30,AAPL,211.149994,215.179993,209.270004,213.300003,36660000
2018-10-31,AAPL,216.880005,220.449997,216.619995,218.860001,38358900
2018-11-01,AAPL,219.050003,222.360001,216.809998,222.220001,58323200
2018-11-02,AAPL,209.550003,213.649994,205.429993,207.479996,91328700
2018-11-05,AAPL,204.300003,204.389999,198.169998,201.589996,66163700
2018-11-06,AAPL,201.919998,204.720001,201.690002,203.770004,31882900
2018-11-07,AAPL,205.970001,210.059998,204.130005,209.949997,33424400
2018-11-08,AAPL,209.979996,210.119995,206.75,208.490005,25362600
2018-11-09,AAPL,205.550003,206.009995,202.25,204.470001,34365800
2018-11-12,AAPL,199.0,199.850006,193.789993,194.169998,51135500
2018-11-13,AAPL,191.630005,197.179993,191.449997,192.229996,46882900
2018-11-14,AAPL,193.899994,194.479996,185.929993,186.800003,60801000
2018-11-15,AAPL,188.389999,191.970001,186.899994,191.410004,46478800
2018-11-16,AAPL,190.5,194.970001,189.460007,193.529999,36928300
2018-11-19,AAPL,190.0,190.699997,184.990005,185.860001,41925300
2018-11-20,AAPL,178.369995,181.470001,175.509995,176.979996,67825200
2018-11-21,AAPL,179.729996,180.270004,176.550003,176.779999,31124200
2018-11-23,AAPL,174.940002,176.600006,172.100006,172.28999299999995,23624000
